{"type":"FeatureCollection","metadata":{"generated":1790076891000,"url":"https://earthquake.usgs.gov/earthquakes/feed/v1.0/summary/2.5_week.geojson","title":"USGS Magnitude 2.5+ Earthquakes, Past Week","status":200,"api":"2.7.0","count":348},"features":[{"type":"Feature","properties":{"mag":5.1,"place":"88 km NNW of Uken, Japan","time":1790073982312,"updated":1790075179040,"tz":null,"url":"https://earthquake.usgs.gov/earthquakes/eventpage/us7000tj4y","detail":"https://earthquake.usgs.gov/earthquakes/feed/v1.0/detail/us7000tj4y.geojson","felt":null,"cdi":null,"mmi":null,"alert":null,"status":"reviewed","tsunami":0,"sig":400,"net":"us","code":"7000tj4y","ids":",us7000tj4y,","sources":",us,","types":",origin,phase-data,","nst":67,"dmin":2.809,"rms":0.86,"gap":99,"magType":"mww","type":"earthquake","title":"M 5.1 - 88 km NNW of Uken, Japan"},"geometry":{"type":"Point","coordinates":[128.8944,29.0367,10]},"id":"us7000tj4y"},
{"type":"Feature","properties":{"mag":4.6,"place":"296 km S of Ambon, Indonesia","time":1790073019045,"updated":1790074112040,"tz":null,"url":"https://earthquake.usgs.gov/earthquakes/eventpage/us7000tj4v","detail":"https://earthquake.usgs.gov/earthquakes/feed/v1.0/detail/us7000tj4v.geojson","felt":null,"cdi":null,"mmi":null,"alert":null,"status":"reviewed","tsunami":0,"sig":326,"net":"us","code":"7000tj4v","ids":",us7000tj4v,","sources":",us,","types":",origin,phase-data,","nst":43,"dmin":6.916,"rms":0.45,"gap":88,"magType":"mb","type":"earthquake","title":"M 4.6 - 296 km S of Ambon, Indonesia"},"geometry":{"type":"Point","coordinates":[128.6303,-6.3408,295.618]},"id":"us7000tj4v"},
{"type":"Feature","properties":{"mag":4.3,"place":"58 km NNE of Calama, Chile","time":1790069710144,"updated":1790073369040,"tz":null,"url":"https://earthquake.usgs.gov/earthquakes/eventpage/us7000tj4l","detail":"https://earthquake.usgs.gov/earthquakes/feed/v1.0/detail/us7000tj4l.geojson","felt":null,"cdi":null,"mmi":null,"alert":null,"status":"reviewed","tsunami":0,"sig":284,"net":"us","code":"7000tj4l","ids":",us7000tj4l,","sources":",us,","types":",origin,phase-data,","nst":35,"dmin":0.572,"rms":0.65,"gap":98,"magType":"mb","type":"earthquake","title":"M 4.3 - 58 km NNE of Calama, Chile"},"geometry":{"type":"Point","coordinates":[-68.6595,-21.9846,110.957]},"id":"us7000tj4l"},
{"type":"Feature","properties":{"mag":3.7,"place":"37 km SW of Karluk, Alaska","time":1790066880602,"updated":1790068890040,"tz":null,"url":"https://earthquake.usgs.gov/earthquakes/eventpage/aka2026suhjvu","detail":"https://earthquake.usgs.gov/earthquakes/feed/v1.0/detail/aka2026suhjvu.geojson","felt":1,"cdi":2,"mmi":2.99,"alert":null,"status":"automatic","tsunami":0,"sig":211,"net":"ak","code":"a2026suhjvu","ids":",aka2026suhjvu,us7000tj4f,","sources":",ak,us,","types":",dyfi,origin,phase-data,shakemap,","nst":233,"dmin":0.3,"rms":1.1,"gap":150,"magType":"ml","type":"earthquake","title":"M 3.7 - 37 km SW of Karluk, Alaska"},"geometry":{"type":"Point","coordinates":[-154.831,57.297,49.7]},"id":"aka2026suhjvu"},
{"type":"Feature","properties":{"mag":3.1,"place":"57 km SSE of Whites City, New Mexico","time":1790064278331,"updated":1790065287574,"tz":null,"url":"https://earthquake.usgs.gov/earthquakes/eventpage/tx2026srfrih","detail":"https://earthquake.usgs.gov/earthquakes/feed/v1.0/detail/tx2026srfrih.geojson","felt":null,"cdi":null,"mmi":null,"alert":null,"status":"reviewed","tsunami":0,"sig":148,"net":"tx","code":"2026srfrih","ids":",us7000tj47,tx2026srfrih,","sources":",us,tx,","types":",origin,phase-data,","nst":40,"dmin":0,"rms":0.2,"gap":65,"magType":"ml","type":"earthquake","title":"M 3.1 - 57 km SSE of Whites City, New Mexico"},"geometry":{"type":"Point","coordinates":[-104.25,31.666,6.0999]},"id":"tx2026srfrih"},
{"type":"Feature","properties":{"mag":2.76,"place":"13 km NNE of Carrizales, Puerto Rico","time":1790062217660,"updated":1790066475440,"tz":null,"url":"https://earthquake.usgs.gov/earthquakes/eventpage/pr71534028","detail":"https://earthquake.usgs.gov/earthquakes/feed/v1.0/detail/pr71534028.geojson","felt":null,"cdi":null,"mmi":null,"alert":null,"status":"reviewed","tsunami":0,"sig":117,"net":"pr","code":"71534028","ids":",pr71534028,","sources":",pr,","types":",origin,phase-data,","nst":19,"dmin":0.1258,"rms":0.15,"gap":211,"magType":"md","type":"earthquake","title":"M 2.8 - 13 km NNE of Carrizales, Puerto Rico"},"geometry":{"type":"Point","coordinates":[-66.7551666666667,18.5955,16.66]},"id":"pr71534028"},
{"type":"Feature","properties":{"mag":4.6,"place":"19 km ENE of Nailong, Philippines","time":1790059689705,"updated":1790063406452,"tz":null,"url":"https://earthquake.usgs.gov/earthquakes/eventpage/us7000tj3v","detail":"https://earthquake.usgs.gov/earthquakes/feed/v1.0/detail/us7000tj3v.geojson","felt":2,"cdi":4.8,"mmi":null,"alert":null,"status":"reviewed","tsunami":0,"sig":326,"net":"us","code":"7000tj3v","ids":",us7000tj3v,","sources":",us,","types":",dyfi,origin,phase-data,","nst":44,"dmin":4.223,"rms":0.64,"gap":99,"magType":"mb","type":"earthquake","title":"M 4.6 - 19 km ENE of Nailong, Philippines"},"geometry":{"type":"Point","coordinates":[124.2096,11.0957,10]},"id":"us7000tj3v"},
{"type":"Feature","properties":{"mag":4.9,"place":"Volcano Islands, Japan region","time":1790057470037,"updated":1790058653040,"tz":null,"url":"https://earthquake.usgs.gov/earthquakes/eventpage/us7000tj3s","detail":"https://earthquake.usgs.gov/earthquakes/feed/v1.0/detail/us7000tj3s.geojson","felt":null,"cdi":null,"mmi":null,"alert":null,"status":"reviewed","tsunami":0,"sig":369,"net":"us","code":"7000tj3s","ids":",us7000tj3s,","sources":",us,","types":",origin,phase-data,","nst":103,"dmin":10.51,"rms":0.61,"gap":94,"magType":"mb","type":"earthquake","title":"M 4.9 - Volcano Islands, Japan region"},"geometry":{"type":"Point","coordinates":[142.3395,23.003,10]},"id":"us7000tj3s"},
{"type":"Feature","properties":{"mag":4,"place":"282 km S of Alo, Wallis and Futuna","time":1790055093019,"updated":1790062611040,"tz":null,"url":"https://earthquake.usgs.gov/earthquakes/eventpage/us7000tj3l","detail":"https://earthquake.usgs.gov/earthquakes/feed/v1.0/detail/us7000tj3l.geojson","felt":null,"cdi":null,"mmi":null,"alert":null,"status":"reviewed","tsunami":0,"sig":246,"net":"us","code":"7000tj3l","ids":",us7000tj3l,","sources":",us,","types":",origin,phase-data,","nst":41,"dmin":2.865,"rms":0.81,"gap":126,"magType":"mb","type":"earthquake","title":"M 4.0 - 282 km S of Alo, Wallis and Futuna"},"geometry":{"type":"Point","coordinates":[-177.6628,-16.8256,428.123]},"id":"us7000tj3l"},
{"type":"Feature","properties":{"mag":5,"place":"Volcano Islands, Japan region","time":1790054304687,"updated":1790055484040,"tz":null,"url":"https://earthquake.usgs.gov/earthquakes/eventpage/us7000tj3k","detail":"https://earthquake.usgs.gov/earthquakes/feed/v1.0/detail/us7000tj3k.geojson","felt":null,"cdi":null,"mmi":null,"alert":null,"status":"reviewed","tsunami":0,"sig":385,"net":"us","code":"7000tj3k","ids":",us7000tj3k,","sources":",us,","types":",origin,phase-data,","nst":108,"dmin":10.557,"rms":1.02,"gap":119,"magType":"mb","type":"earthquake","title":"M 5.0 - Volcano Islands, Japan region"},"geometry":{"type":"Point","coordinates":[142.4369,23.1331,10]},"id":"us7000tj3k"},
{"type":"Feature","properties":{"mag":4.7,"place":"54 km NNW of Ende, Indonesia","time":1790048185949,"updated":1790049883040,"tz":null,"url":"https://earthquake.usgs.gov/earthquakes/eventpage/us7000tj37","detail":"https://earthquake.usgs.gov/earthquakes/feed/v1.0/detail/us7000tj37.geojson","felt":null,"cdi":null,"mmi":null,"alert":null,"status":"reviewed","tsunami":0,"sig":340,"net":"us","code":"7000tj37","ids":",us7000tj37,","sources":",us,","types":",origin,phase-data,","nst":20,"dmin":3.763,"rms":1.15,"gap":126,"magType":"mb","type":"earthquake","title":"M 4.7 - 54 km NNW of Ende, Indonesia"},"geometry":{"type":"Point","coordinates":[121.4677,-8.3909,10]},"id":"us7000tj37"},
{"type":"Feature","properties":{"mag":3.97,"place":"14 km S of La Romana, Dominican Republic","time":1790045362080,"updated":1790048433650,"tz":null,"url":"https://earthquake.usgs.gov/earthquakes/eventpage/pr2026265000","detail":"https://earthquake.usgs.gov/earthquakes/feed/v1.0/detail/pr2026265000.geojson","felt":null,"cdi":null,"mmi":null,"alert":null,"status":"reviewed","tsunami":0,"sig":242,"net":"pr","code":"2026265000","ids":",us7000tj30,pr2026265000,","sources":",us,pr,","types":",origin,phase-data,","nst":24,"dmin":0.6313,"rms":0.22,"gap":230,"magType":"md","type":"earthquake","title":"M 4.0 - 14 km S of La Romana, Dominican Republic"},"geometry":{"type":"Point","coordinates":[-68.9756,18.3008,174]},"id":"pr2026265000"},
{"type":"Feature","properties":{"mag":3.9,"place":"166 km WSW of Nikolski, Alaska","time":1790037883637,"updated":1790053161040,"tz":null,"url":"https://earthquake.usgs.gov/earthquakes/eventpage/us7000tj31","detail":"https://earthquake.usgs.gov/earthquakes/feed/v1.0/detail/us7000tj31.geojson","felt":null,"cdi":null,"mmi":1.802,"alert":null,"status":"reviewed","tsunami":0,"sig":234,"net":"us","code":"7000tj31","ids":",aka2026strgoh,us7000tj31,","sources":",ak,us,","types":",origin,phase-data,shakemap,","nst":33,"dmin":0.875,"rms":0.85,"gap":209,"magType":"mb","type":"earthquake","title":"M 3.9 - 166 km WSW of Nikolski, Alaska"},"geometry":{"type":"Point","coordinates":[-171.0441,52.2461,129.468]},"id":"us7000tj31"},
{"type":"Feature","properties":{"mag":4.8,"place":"70 km N of Claveria, Philippines","time":1790035684893,"updated":1790052716040,"tz":null,"url":"https://earthquake.usgs.gov/earthquakes/eventpage/us7000tj21","detail":"https://earthquake.usgs.gov/earthquakes/feed/v1.0/detail/us7000tj21.geojson","felt":null,"cdi":null,"mmi":null,"alert":null,"status":"reviewed","tsunami":0,"sig":354,"net":"us","code":"7000tj21","ids":",us7000tj21,","sources":",us,","types":",origin,phase-data,","nst":67,"dmin":3.557,"rms":0.61,"gap":122,"magType":"mb","type":"earthquake","title":"M 4.8 - 70 km N of Claveria, Philippines"},"geometry":{"type":"Point","coordinates":[121.0734,19.2426,10]},"id":"us7000tj21"},
{"type":"Feature","properties":{"mag":4.3,"place":"35 km S of Jurm, Afghanistan","time":1790035634659,"updated":1790052184040,"tz":null,"url":"https://earthquake.usgs.gov/earthquakes/eventpage/us7000tj20","detail":"https://earthquake.usgs.gov/earthquakes/feed/v1.0/detail/us7000tj20.geojson","felt":null,"cdi":null,"mmi":null,"alert":null,"status":"reviewed","tsunami":0,"sig":284,"net":"us","code":"7000tj20","ids":",us7000tj20,","sources":",us,","types":",origin,phase-data,","nst":31,"dmin":2.21,"rms":0.46,"gap":64,"magType":"mb","type":"earthquake","title":"M 4.3 - 35 km S of Jurm, Afghanistan"},"geometry":{"type":"Point","coordinates":[70.8201,36.5413,196.057]},"id":"us7000tj20"},
{"type":"Feature","properties":{"mag":5.3,"place":"97 km S of Sarangani, Philippines","time":1790034493180,"updated":1790051462040,"tz":null,"url":"https://earthquake.usgs.gov/earthquakes/eventpage/us7000tj1s","detail":"https://earthquake.usgs.gov/earthquakes/feed/v1.0/detail/us7000tj1s.geojson","felt":null,"cdi":null,"mmi":null,"alert":null,"status":"reviewed","tsunami":0,"sig":432,"net":"us","code":"7000tj1s","ids":",us7000tj1s,","sources":",us,","types":",origin,phase-data,","nst":77,"dmin":2.538,"rms":0.53,"gap":63,"magType":"mb","type":"earthquake","title":"M 5.3 - 97 km S of Sarangani, Philippines"},"geometry":{"type":"Point","coordinates":[125.3573,4.525,10]},"id":"us7000tj1s"},
{"type":"Feature","properties":{"mag":2.48,"place":"23 km NE of Hawthorne, Nevada","time":1790033982591,"updated":1790051102040,"tz":null,"url":"https://earthquake.usgs.gov/earthquakes/eventpage/nn00924700","detail":"https://earthquake.usgs.gov/earthquakes/feed/v1.0/detail/nn00924700.geojson","felt":null,"cdi":null,"mmi":null,"alert":null,"status":"reviewed","tsunami":0,"sig":95,"net":"nn","code":"00924700","ids":",us7000tj1l,nn00924700,","sources":",us,nn,","types":",origin,phase-data,","nst":23,"dmin":0.079,"rms":0.183,"gap":67,"magType":"ml","type":"earthquake","title":"M 2.5 - 23 km NE of Hawthorne, Nevada"},"geometry":{"type":"Point","coordinates":[-118.4748,38.6981,8.3941]},"id":"nn00924700"},
{"type":"Feature","properties":{"mag":4.3,"place":"14 km W of Chaparral, Colombia","time":1790032535218,"updated":1790050624040,"tz":null,"url":"https://earthquake.usgs.gov/earthquakes/eventpage/us7000tj1k","detail":"https://earthquake.usgs.gov/earthquakes/feed/v1.0/detail/us7000tj1k.geojson","felt":null,"cdi":null,"mmi":null,"alert":null,"status":"reviewed","tsunami":0,"sig":284,"net":"us","code":"7000tj1k","ids":",us7000tj1k,","sources":",us,","types":",origin,phase-data,","nst":28,"dmin":1.688,"rms":0.81,"gap":70,"magType":"mb","type":"earthquake","title":"M 4.3 - 14 km W of Chaparral, Colombia"},"geometry":{"type":"Point","coordinates":[-75.6132,3.7466,19.711]},"id":"us7000tj1k"},
{"type":"Feature","properties":{"mag":2.57,"place":"12 km W of Lake Nacimiento, CA","time":1790032082630,"updated":1790051877134,"tz":null,"url":"https://earthquake.usgs.gov/earthquakes/eventpage/nc75439717","detail":"https://earthquake.usgs.gov/earthquakes/feed/v1.0/detail/nc75439717.geojson","felt":2,"cdi":3.1,"mmi":null,"alert":null,"status":"automatic","tsunami":0,"sig":102,"net":"nc","code":"75439717","ids":",nc75439717,","sources":",nc,","types":",dyfi,focal-mechanism,nearby-cities,origin,phase-data,scitech-link,","nst":40,"dmin":0.1065,"rms":0.07,"gap":77,"magType":"md","type":"earthquake","title":"M 2.6 - 12 km W of Lake Nacimiento, CA"},"geometry":{"type":"Point","coordinates":[-121.017669677734,35.7215003967285,5.21999979019165]},"id":"nc75439717"},
{"type":"Feature","properties":{"mag":4.3,"place":"3 km SSW of Roncesvalles, Colombia","time":1790031502094,"updated":1790049408040,"tz":null,"url":"https://earthquake.usgs.gov/earthquakes/eventpage/us7000tj1f","detail":"https://earthquake.usgs.gov/earthquakes/feed/v1.0/detail/us7000tj1f.geojson","felt":null,"cdi":null,"mmi":null,"alert":null,"status":"reviewed","tsunami":0,"sig":284,"net":"us","code":"7000tj1f","ids":",us7000tj1f,","sources":",us,","types":",origin,phase-data,","nst":21,"dmin":1.544,"rms":0.75,"gap":72,"magType":"mb","type":"earthquake","title":"M 4.3 - 3 km SSW of Roncesvalles, Colombia"},"geometry":{"type":"Point","coordinates":[-75.6103,3.9838,11.768]},"id":"us7000tj1f"},
{"type":"Feature","properties":{"mag":2.5,"place":"21 km W of Petrolia, CA","time":1790030511820,"updated":1790036542847,"tz":null,"url":"https://earthquake.usgs.gov/earthquakes/eventpage/nc75439702","detail":"https://earthquake.usgs.gov/earthquakes/feed/v1.0/detail/nc75439702.geojson","felt":null,"cdi":null,"mmi":null,"alert":null,"status":"automatic","tsunami":0,"sig":96,"net":"nc","code":"75439702","ids":",nc75439702,","sources":",nc,","types":",nearby-cities,origin,phase-data,scitech-link,","nst":22,"dmin":0.1737,"rms":0.17,"gap":274,"magType":"md","type":"earthquake","title":"M 2.5 - 21 km W of Petrolia, CA"},"geometry":{"type":"Point","coordinates":[-124.535835266113,40.3035011291504,10.460000038147]},"id":"nc75439702"},
{"type":"Feature","properties":{"mag":4.5,"place":"91 km E of Namie, Japan","time":1790029799360,"updated":1790048240040,"tz":null,"url":"https://earthquake.usgs.gov/earthquakes/eventpage/us7000tj1b","detail":"https://earthquake.usgs.gov/earthquakes/feed/v1.0/detail/us7000tj1b.geojson","felt":null,"cdi":null,"mmi":null,"alert":null,"status":"reviewed","tsunami":0,"sig":312,"net":"us","code":"7000tj1b","ids":",us7000tj1b,","sources":",us,","types":",origin,phase-data,","nst":40,"dmin":3.216,"rms":0.77,"gap":133,"magType":"mb","type":"earthquake","title":"M 4.5 - 91 km E of Namie, Japan"},"geometry":{"type":"Point","coordinates":[142.0382,37.5214,35]},"id":"us7000tj1b"},
{"type":"Feature","properties":{"mag":4.4,"place":"103 km SW of Brisas Barra de Suchiate, Mexico","time":1790028115932,"updated":1790046423040,"tz":null,"url":"https://earthquake.usgs.gov/earthquakes/eventpage/us7000tj11","detail":"https://earthquake.usgs.gov/earthquakes/feed/v1.0/detail/us7000tj11.geojson","felt":null,"cdi":null,"mmi":null,"alert":null,"status":"reviewed","tsunami":0,"sig":298,"net":"us","code":"7000tj11","ids":",us7000tj11,","sources":",us,","types":",origin,phase-data,","nst":38,"dmin":2.547,"rms":0.95,"gap":224,"magType":"mb","type":"earthquake","title":"M 4.4 - 103 km SW of Brisas Barra de Suchiate, Mexico"},"geometry":{"type":"Point","coordinates":[-92.8359,13.8113,10]},"id":"us7000tj11"},
{"type":"Feature","properties":{"mag":5,"place":"South Sandwich Islands region","time":1790026624871,"updated":1790043302040,"tz":null,"url":"https://earthquake.usgs.gov/earthquakes/eventpage/us7000tj0z","detail":"https://earthquake.usgs.gov/earthquakes/feed/v1.0/detail/us7000tj0z.geojson","felt":null,"cdi":null,"mmi":null,"alert":null,"status":"reviewed","tsunami":0,"sig":385,"net":"us","code":"7000tj0z","ids":",us7000tj0z,","sources":",us,","types":",origin,phase-data,","nst":39,"dmin":7.372,"rms":0.64,"gap":73,"magType":"mb","type":"earthquake","title":"M 5.0 - South Sandwich Islands region"},"geometry":{"type":"Point","coordinates":[-24.1479,-56.5064,10]},"id":"us7000tj0z"},
{"type":"Feature","properties":{"mag":2.8,"place":"40 km SSW of Skwentna, Alaska","time":1790025468156,"updated":1790041545040,"tz":null,"url":"https://earthquake.usgs.gov/earthquakes/eventpage/aka2026stkjjp","detail":"https://earthquake.usgs.gov/earthquakes/feed/v1.0/detail/aka2026stkjjp.geojson","felt":1,"cdi":1,"mmi":null,"alert":null,"status":"automatic","tsunami":0,"sig":121,"net":"ak","code":"a2026stkjjp","ids":",aka2026stkjjp,us7000tj0v,","sources":",ak,us,","types":",dyfi,origin,phase-data,","nst":120,"dmin":0.2,"rms":0.6,"gap":35,"magType":"ml","type":"earthquake","title":"M 2.8 - 40 km SSW of Skwentna, Alaska"},"geometry":{"type":"Point","coordinates":[-151.659,61.651,100.5]},"id":"aka2026stkjjp"},
{"type":"Feature","properties":{"mag":4.4,"place":"Fiji region","time":1790023995107,"updated":1790024926040,"tz":null,"url":"https://earthquake.usgs.gov/earthquakes/eventpage/us7000tj0r","detail":"https://earthquake.usgs.gov/earthquakes/feed/v1.0/detail/us7000tj0r.geojson","felt":null,"cdi":null,"mmi":null,"alert":null,"status":"reviewed","tsunami":0,"sig":298,"net":"us","code":"7000tj0r","ids":",us7000tj0r,","sources":",us,","types":",origin,phase-data,","nst":52,"dmin":3.949,"rms":0.75,"gap":122,"magType":"mb","type":"earthquake","title":"M 4.4 - Fiji region"},"geometry":{"type":"Point","coordinates":[-177.5544,-19.1407,583.682]},"id":"us7000tj0r"},
{"type":"Feature","properties":{"mag":3.1,"place":"77 km WSW of Akhiok, Alaska","time":1790019167655,"updated":1790019449239,"tz":null,"url":"https://earthquake.usgs.gov/earthquakes/eventpage/aka2026stgwir","detail":"https://earthquake.usgs.gov/earthquakes/feed/v1.0/detail/aka2026stgwir.geojson","felt":null,"cdi":null,"mmi":null,"alert":null,"status":"automatic","tsunami":0,"sig":148,"net":"ak","code":"a2026stgwir","ids":",aka2026stgwir,","sources":",ak,","types":",origin,phase-data,","nst":63,"dmin":1,"rms":0.5,"gap":187,"magType":"ml","type":"earthquake","title":"M 3.1 - 77 km WSW of Akhiok, Alaska"},"geometry":{"type":"Point","coordinates":[-155.339,56.675,52]},"id":"aka2026stgwir"},
{"type":"Feature","properties":{"mag":2.66,"place":"4 km SW of Pāhala, Hawaii","time":1790017093210,"updated":1790017468040,"tz":null,"url":"https://earthquake.usgs.gov/earthquakes/eventpage/hv75041332","detail":"https://earthquake.usgs.gov/earthquakes/feed/v1.0/detail/hv75041332.geojson","felt":null,"cdi":null,"mmi":null,"alert":null,"status":"automatic","tsunami":0,"sig":109,"net":"hv","code":"75041332","ids":",us7000tizw,hv75041332,","sources":",us,hv,","types":",origin,phase-data,","nst":55,"dmin":0.0531,"rms":0.119999997,"gap":101,"magType":"ml","type":"earthquake","title":"M 2.7 - 4 km SW of Pāhala, Hawaii"},"geometry":{"type":"Point","coordinates":[-155.512329101562,19.1793327331543,30.8299999237061]},"id":"hv75041332"},
{"type":"Feature","properties":{"mag":2.96,"place":"21 km WSW of Petrolia, CA","time":1790016881390,"updated":1790026040629,"tz":null,"url":"https://earthquake.usgs.gov/earthquakes/eventpage/nc75439497","detail":"https://earthquake.usgs.gov/earthquakes/feed/v1.0/detail/nc75439497.geojson","felt":2,"cdi":2,"mmi":null,"alert":null,"status":"automatic","tsunami":0,"sig":135,"net":"nc","code":"75439497","ids":",nc75439497,us7000tizu,","sources":",nc,us,","types":",dyfi,nearby-cities,origin,phase-data,scitech-link,","nst":27,"dmin":0.1808,"rms":0.18,"gap":249,"magType":"md","type":"earthquake","title":"M 3.0 - 21 km WSW of Petrolia, CA"},"geometry":{"type":"Point","coordinates":[-124.529998779297,40.2763328552246,5.65000009536743]},"id":"nc75439497"},
{"type":"Feature","properties":{"mag":4.5,"place":"5 km SW of San Antonio, Colombia","time":1790016524774,"updated":1790023986911,"tz":null,"url":"https://earthquake.usgs.gov/earthquakes/eventpage/us7000tizt","detail":"https://earthquake.usgs.gov/earthquakes/feed/v1.0/detail/us7000tizt.geojson","felt":1,"cdi":2,"mmi":null,"alert":null,"status":"reviewed","tsunami":0,"sig":312,"net":"us","code":"7000tizt","ids":",us7000tizt,","sources":",us,","types":",dyfi,origin,phase-data,","nst":43,"dmin":1.528,"rms":0.53,"gap":103,"magType":"mb","type":"earthquake","title":"M 4.5 - 5 km SW of San Antonio, Colombia"},"geometry":{"type":"Point","coordinates":[-75.5116,3.8759,10]},"id":"us7000tizt"},
{"type":"Feature","properties":{"mag":3.8,"place":"163 km S of Akhiok, Alaska","time":1790015209270,"updated":1790033017206,"tz":null,"url":"https://earthquake.usgs.gov/earthquakes/eventpage/aka2026steqzi","detail":"https://earthquake.usgs.gov/earthquakes/feed/v1.0/detail/aka2026steqzi.geojson","felt":null,"cdi":null,"mmi":1.453,"alert":null,"status":"reviewed","tsunami":0,"sig":222,"net":"ak","code":"a2026steqzi","ids":",us7000tizk,aka2026steqzi,","sources":",us,ak,","types":",origin,phase-data,shakemap,","nst":121,"dmin":1.8,"rms":0.9,"gap":214,"magType":"ml","type":"earthquake","title":"M 3.8 - 163 km S of Akhiok, Alaska"},"geometry":{"type":"Point","coordinates":[-154.076,55.479,20]},"id":"aka2026steqzi"},
{"type":"Feature","properties":{"mag":4.4,"place":"104 km NNE of San Pedro de Atacama, Chile","time":1790012323165,"updated":1790013578040,"tz":null,"url":"https://earthquake.usgs.gov/earthquakes/eventpage/us7000tizh","detail":"https://earthquake.usgs.gov/earthquakes/feed/v1.0/detail/us7000tizh.geojson","felt":null,"cdi":null,"mmi":null,"alert":null,"status":"reviewed","tsunami":0,"sig":298,"net":"us","code":"7000tizh","ids":",us7000tizh,","sources":",us,","types":",origin,phase-data,","nst":30,"dmin":0.964,"rms":0.64,"gap":110,"magType":"mb","type":"earthquake","title":"M 4.4 - 104 km NNE of San Pedro de Atacama, Chile"},"geometry":{"type":"Point","coordinates":[-67.6971,-22.0932,198.661]},"id":"us7000tizh"},
{"type":"Feature","properties":{"mag":4.2,"place":"Fiji region","time":1790011366521,"updated":1790012798040,"tz":null,"url":"https://earthquake.usgs.gov/earthquakes/eventpage/us7000tizg","detail":"https://earthquake.usgs.gov/earthquakes/feed/v1.0/detail/us7000tizg.geojson","felt":null,"cdi":null,"mmi":null,"alert":null,"status":"reviewed","tsunami":0,"sig":271,"net":"us","code":"7000tizg","ids":",us7000tizg,","sources":",us,","types":",origin,phase-data,","nst":29,"dmin":3.807,"rms":0.39,"gap":100,"magType":"mb","type":"earthquake","title":"M 4.2 - Fiji region"},"geometry":{"type":"Point","coordinates":[-177.4361,-18.7759,409.341]},"id":"us7000tizg"},
{"type":"Feature","properties":{"mag":4.3,"place":"20 km SW of Roncesvalles, Colombia","time":1790007800333,"updated":1790024035307,"tz":null,"url":"https://earthquake.usgs.gov/earthquakes/eventpage/us7000tiz7","detail":"https://earthquake.usgs.gov/earthquakes/feed/v1.0/detail/us7000tiz7.geojson","felt":1,"cdi":2,"mmi":null,"alert":null,"status":"reviewed","tsunami":0,"sig":285,"net":"us","code":"7000tiz7","ids":",us7000tiz7,","sources":",us,","types":",dyfi,origin,phase-data,","nst":36,"dmin":1.695,"rms":1.11,"gap":148,"magType":"mb","type":"earthquake","title":"M 4.3 - 20 km SW of Roncesvalles, Colombia"},"geometry":{"type":"Point","coordinates":[-75.7087,3.8585,10]},"id":"us7000tiz7"},
{"type":"Feature","properties":{"mag":4.5,"place":"Izu Islands, Japan region","time":1790006180386,"updated":1790007271040,"tz":null,"url":"https://earthquake.usgs.gov/earthquakes/eventpage/us7000tiya","detail":"https://earthquake.usgs.gov/earthquakes/feed/v1.0/detail/us7000tiya.geojson","felt":null,"cdi":null,"mmi":null,"alert":null,"status":"reviewed","tsunami":0,"sig":312,"net":"us","code":"7000tiya","ids":",us7000tiya,","sources":",us,","types":",origin,phase-data,","nst":52,"dmin":5.685,"rms":0.85,"gap":136,"magType":"mb","type":"earthquake","title":"M 4.5 - Izu Islands, Japan region"},"geometry":{"type":"Point","coordinates":[142.3611,31.7337,10]},"id":"us7000tiya"},
{"type":"Feature","properties":{"mag":2.81,"place":"1 km W of Pāhala, Hawaii","time":1789999564230,"updated":1790001054040,"tz":null,"url":"https://earthquake.usgs.gov/earthquakes/eventpage/hv75041242","detail":"https://earthquake.usgs.gov/earthquakes/feed/v1.0/detail/hv75041242.geojson","felt":null,"cdi":null,"mmi":null,"alert":null,"status":"automatic","tsunami":0,"sig":121,"net":"hv","code":"75041242","ids":",us7000tixt,hv75041242,","sources":",us,hv,","types":",origin,phase-data,","nst":56,"dmin":0.04792,"rms":0.150000006,"gap":71,"magType":"md","type":"earthquake","title":"M 2.8 - 1 km W of Pāhala, Hawaii"},"geometry":{"type":"Point","coordinates":[-155.49333190918,19.2005004882812,30.0400009155273]},"id":"hv75041242"},
{"type":"Feature","properties":{"mag":4.3,"place":"152 km N of Agats, Indonesia","time":1789999104605,"updated":1790001461040,"tz":null,"url":"https://earthquake.usgs.gov/earthquakes/eventpage/us7000tixu","detail":"https://earthquake.usgs.gov/earthquakes/feed/v1.0/detail/us7000tixu.geojson","felt":null,"cdi":null,"mmi":null,"alert":null,"status":"reviewed","tsunami":0,"sig":284,"net":"us","code":"7000tixu","ids":",us7000tixu,","sources":",us,","types":",origin,phase-data,","nst":32,"dmin":3.161,"rms":0.84,"gap":76,"magType":"mb","type":"earthquake","title":"M 4.3 - 152 km N of Agats, Indonesia"},"geometry":{"type":"Point","coordinates":[138.0019,-4.1759,148.887]},"id":"us7000tixu"},
{"type":"Feature","properties":{"mag":5,"place":"38 km E of Nobeoka, Japan","time":1789997912404,"updated":1789998975040,"tz":null,"url":"https://earthquake.usgs.gov/earthquakes/eventpage/us7000tixp","detail":"https://earthquake.usgs.gov/earthquakes/feed/v1.0/detail/us7000tixp.geojson","felt":null,"cdi":null,"mmi":null,"alert":null,"status":"reviewed","tsunami":0,"sig":385,"net":"us","code":"7000tixp","ids":",us7000tixp,","sources":",us,","types":",origin,phase-data,","nst":59,"dmin":1.757,"rms":0.75,"gap":108,"magType":"mb","type":"earthquake","title":"M 5.0 - 38 km E of Nobeoka, Japan"},"geometry":{"type":"Point","coordinates":[132.0805,32.5978,42.736]},"id":"us7000tixp"},
{"type":"Feature","properties":{"mag":4.7,"place":"76 km W of Ollagüe, Chile","time":1789993025292,"updated":1789994060040,"tz":null,"url":"https://earthquake.usgs.gov/earthquakes/eventpage/us7000tixg","detail":"https://earthquake.usgs.gov/earthquakes/feed/v1.0/detail/us7000tixg.geojson","felt":null,"cdi":null,"mmi":null,"alert":null,"status":"reviewed","tsunami":0,"sig":340,"net":"us","code":"7000tixg","ids":",us7000tixg,","sources":",us,","types":",origin,phase-data,","nst":75,"dmin":0.58,"rms":1.22,"gap":46,"magType":"mb","type":"earthquake","title":"M 4.7 - 76 km W of Ollagüe, Chile"},"geometry":{"type":"Point","coordinates":[-68.9887,-21.2643,121.183]},"id":"us7000tixg"},
{"type":"Feature","properties":{"mag":2.63,"place":"10 km NE of Marysvale, Utah","time":1789992914820,"updated":1789997406990,"tz":null,"url":"https://earthquake.usgs.gov/earthquakes/eventpage/uu80157636","detail":"https://earthquake.usgs.gov/earthquakes/feed/v1.0/detail/uu80157636.geojson","felt":null,"cdi":null,"mmi":null,"alert":null,"status":"reviewed","tsunami":0,"sig":106,"net":"uu","code":"80157636","ids":",us7000tixf,uu80157636,","sources":",us,uu,","types":",origin,phase-data,","nst":29,"dmin":0.02971,"rms":0.2,"gap":85,"magType":"ml","type":"earthquake","title":"M 2.6 - 10 km NE of Marysvale, Utah"},"geometry":{"type":"Point","coordinates":[-112.139833333333,38.5173333333333,2.64]},"id":"uu80157636"},
{"type":"Feature","properties":{"mag":5.2,"place":"167 km WNW of Mejillones, Chile","time":1789991308996,"updated":1789993664858,"tz":null,"url":"https://earthquake.usgs.gov/earthquakes/eventpage/us7000tixc","detail":"https://earthquake.usgs.gov/earthquakes/feed/v1.0/detail/us7000tixc.geojson","felt":1,"cdi":1,"mmi":null,"alert":null,"status":"reviewed","tsunami":0,"sig":416,"net":"us","code":"7000tixc","ids":",us7000tixc,","sources":",us,","types":",dyfi,origin,phase-data,","nst":108,"dmin":1.666,"rms":0.89,"gap":132,"magType":"mb","type":"earthquake","title":"M 5.2 - 167 km WNW of Mejillones, Chile"},"geometry":{"type":"Point","coordinates":[-71.8678,-22.3643,10]},"id":"us7000tixc"},
{"type":"Feature","properties":{"mag":4.2,"place":"15 km SW of El Ramal (Porvenir), Mexico","time":1789988558555,"updated":1789990728040,"tz":null,"url":"https://earthquake.usgs.gov/earthquakes/eventpage/us7000tix2","detail":"https://earthquake.usgs.gov/earthquakes/feed/v1.0/detail/us7000tix2.geojson","felt":null,"cdi":null,"mmi":null,"alert":null,"status":"reviewed","tsunami":0,"sig":271,"net":"us","code":"7000tix2","ids":",us7000tix2,","sources":",us,","types":",origin,phase-data,","nst":115,"dmin":1.011,"rms":0.75,"gap":129,"magType":"mb","type":"earthquake","title":"M 4.2 - 15 km SW of El Ramal (Porvenir), Mexico"},"geometry":{"type":"Point","coordinates":[-93.0352,15.7541,142.841]},"id":"us7000tix2"},
{"type":"Feature","properties":{"mag":4.7,"place":"95 km ENE of Khorugh, Tajikistan","time":1789987696231,"updated":1789995624040,"tz":null,"url":"https://earthquake.usgs.gov/earthquakes/eventpage/us7000tiwz","detail":"https://earthquake.usgs.gov/earthquakes/feed/v1.0/detail/us7000tiwz.geojson","felt":null,"cdi":null,"mmi":null,"alert":null,"status":"reviewed","tsunami":0,"sig":340,"net":"us","code":"7000tiwz","ids":",us7000tiwz,","sources":",us,","types":",origin,phase-data,","nst":68,"dmin":0.395,"rms":0.88,"gap":50,"magType":"mb","type":"earthquake","title":"M 4.7 - 95 km ENE of Khorugh, Tajikistan"},"geometry":{"type":"Point","coordinates":[72.4916,37.9169,129.316]},"id":"us7000tiwz"},
{"type":"Feature","properties":{"mag":2.92,"place":"63 km NNE of Cruz Bay, U.S. Virgin Islands","time":1789985726980,"updated":1789987861480,"tz":null,"url":"https://earthquake.usgs.gov/earthquakes/eventpage/pr71533883","detail":"https://earthquake.usgs.gov/earthquakes/feed/v1.0/detail/pr71533883.geojson","felt":null,"cdi":null,"mmi":null,"alert":null,"status":"reviewed","tsunami":0,"sig":131,"net":"pr","code":"71533883","ids":",pr71533883,","sources":",pr,","types":",origin,phase-data,","nst":4,"dmin":0.3642,"rms":0.08,"gap":287,"magType":"md","type":"earthquake","title":"M 2.9 - 63 km NNE of Cruz Bay, U.S. Virgin Islands"},"geometry":{"type":"Point","coordinates":[-64.5176666666667,18.8395,10.93]},"id":"pr71533883"},
{"type":"Feature","properties":{"mag":3.6,"place":"167 km WSW of Nikolski, Alaska","time":1789984811101,"updated":1790005330889,"tz":null,"url":"https://earthquake.usgs.gov/earthquakes/eventpage/aka2026ssnubr","detail":"https://earthquake.usgs.gov/earthquakes/feed/v1.0/detail/aka2026ssnubr.geojson","felt":null,"cdi":null,"mmi":1.321,"alert":null,"status":"reviewed","tsunami":0,"sig":199,"net":"ak","code":"a2026ssnubr","ids":",aka2026ssnubr,","sources":",ak,","types":",origin,phase-data,shakemap,","nst":51,"dmin":0.9,"rms":0.6,"gap":208,"magType":"ml","type":"earthquake","title":"M 3.6 - 167 km WSW of Nikolski, Alaska"},"geometry":{"type":"Point","coordinates":[-171.004,52.182,105.6]},"id":"aka2026ssnubr"},
{"type":"Feature","properties":{"mag":2.6,"place":"3 km WNW of Big Lake, Alaska","time":1789983827908,"updated":1790009591135,"tz":null,"url":"https://earthquake.usgs.gov/earthquakes/eventpage/aka2026ssnfqn","detail":"https://earthquake.usgs.gov/earthquakes/feed/v1.0/detail/aka2026ssnfqn.geojson","felt":1,"cdi":1,"mmi":null,"alert":null,"status":"automatic","tsunami":0,"sig":104,"net":"ak","code":"a2026ssnfqn","ids":",aka2026ssnfqn,","sources":",ak,","types":",dyfi,origin,phase-data,","nst":80,"dmin":0.4,"rms":0.8,"gap":24,"magType":"ml","type":"earthquake","title":"M 2.6 - 3 km WNW of Big Lake, Alaska"},"geometry":{"type":"Point","coordinates":[-150.011,61.527,27.4]},"id":"aka2026ssnfqn"},
{"type":"Feature","properties":{"mag":3.1,"place":"20 km NE of Nikolaevsk, Alaska","time":1789983517693,"updated":1790009719822,"tz":null,"url":"https://earthquake.usgs.gov/earthquakes/eventpage/aka2026ssnawb","detail":"https://earthquake.usgs.gov/earthquakes/feed/v1.0/detail/aka2026ssnawb.geojson","felt":1,"cdi":1,"mmi":null,"alert":null,"status":"automatic","tsunami":0,"sig":148,"net":"ak","code":"a2026ssnawb","ids":",aka2026ssnawb,","sources":",ak,","types":",dyfi,origin,phase-data,","nst":120,"dmin":0.3,"rms":0.8,"gap":44,"magType":"ml","type":"earthquake","title":"M 3.1 - 20 km NE of Nikolaevsk, Alaska"},"geometry":{"type":"Point","coordinates":[-151.328,59.934,45.9]},"id":"aka2026ssnawb"},
{"type":"Feature","properties":{"mag":3.39,"place":"53 km N of Cruz Bay, U.S. Virgin Islands","time":1789977655650,"updated":1789983587100,"tz":null,"url":"https://earthquake.usgs.gov/earthquakes/eventpage/pr71533853","detail":"https://earthquake.usgs.gov/earthquakes/feed/v1.0/detail/pr71533853.geojson","felt":null,"cdi":null,"mmi":null,"alert":null,"status":"reviewed","tsunami":0,"sig":177,"net":"pr","code":"71533853","ids":",pr71533853,","sources":",pr,","types":",origin,phase-data,","nst":4,"dmin":0.421,"rms":0.24,"gap":267,"magType":"md","type":"earthquake","title":"M 3.4 - 53 km N of Cruz Bay, U.S. Virgin Islands"},"geometry":{"type":"Point","coordinates":[-64.7923333333333,18.8103333333333,85.47]},"id":"pr71533853"},
{"type":"Feature","properties":{"mag":3.32,"place":"103 km NNE of Vieques, Puerto Rico","time":1789977191990,"updated":1789980161730,"tz":null,"url":"https://earthquake.usgs.gov/earthquakes/eventpage/pr71533868","detail":"https://earthquake.usgs.gov/earthquakes/feed/v1.0/detail/pr71533868.geojson","felt":null,"cdi":null,"mmi":null,"alert":null,"status":"reviewed","tsunami":0,"sig":170,"net":"pr","code":"71533868","ids":",pr71533868,","sources":",pr,","types":",origin,phase-data,","nst":5,"dmin":0.9462,"rms":0.03,"gap":263,"magType":"md","type":"earthquake","title":"M 3.3 - 103 km NNE of Vieques, Puerto Rico"},"geometry":{"type":"Point","coordinates":[-65.3803333333333,19.2541666666667,75.73]},"id":"pr71533868"},
{"type":"Feature","properties":{"mag":4.2,"place":"245 km E of Levuka, Fiji","time":1789976140400,"updated":1789988043040,"tz":null,"url":"https://earthquake.usgs.gov/earthquakes/eventpage/us7000tiw6","detail":"https://earthquake.usgs.gov/earthquakes/feed/v1.0/detail/us7000tiw6.geojson","felt":null,"cdi":null,"mmi":null,"alert":null,"status":"reviewed","tsunami":0,"sig":271,"net":"us","code":"7000tiw6","ids":",us7000tiw6,","sources":",us,","types":",origin,phase-data,","nst":73,"dmin":2.598,"rms":0.5,"gap":125,"magType":"mb","type":"earthquake","title":"M 4.2 - 245 km E of Levuka, Fiji"},"geometry":{"type":"Point","coordinates":[-178.3723,-17.9326,533.686]},"id":"us7000tiw6"},
{"type":"Feature","properties":{"mag":5,"place":"34 km WNW of Luwuk, Indonesia","time":1789975867967,"updated":1789977112040,"tz":null,"url":"https://earthquake.usgs.gov/earthquakes/eventpage/us7000tiw4","detail":"https://earthquake.usgs.gov/earthquakes/feed/v1.0/detail/us7000tiw4.geojson","felt":null,"cdi":null,"mmi":null,"alert":null,"status":"reviewed","tsunami":0,"sig":385,"net":"us","code":"7000tiw4","ids":",us7000tiw4,","sources":",us,","types":",origin,phase-data,","nst":39,"dmin":4.956,"rms":1.38,"gap":68,"magType":"mb","type":"earthquake","title":"M 5.0 - 34 km WNW of Luwuk, Indonesia"},"geometry":{"type":"Point","coordinates":[122.4959,-0.8563,9.863]},"id":"us7000tiw4"},
{"type":"Feature","properties":{"mag":2.6,"place":"50 km WNW of Nanwalek, Alaska","time":1789967292229,"updated":1789984821040,"tz":null,"url":"https://earthquake.usgs.gov/earthquakes/eventpage/aka2026sseasm","detail":"https://earthquake.usgs.gov/earthquakes/feed/v1.0/detail/aka2026sseasm.geojson","felt":null,"cdi":null,"mmi":null,"alert":null,"status":"automatic","tsunami":0,"sig":104,"net":"ak","code":"a2026sseasm","ids":",us7000tivl,aka2026sseasm,","sources":",us,ak,","types":",origin,phase-data,","nst":115,"dmin":0.3,"rms":0.7,"gap":78,"magType":"ml","type":"earthquake","title":"M 2.6 - 50 km WNW of Nanwalek, Alaska"},"geometry":{"type":"Point","coordinates":[-152.725,59.56,90.6]},"id":"aka2026sseasm"},
{"type":"Feature","properties":{"mag":4.7,"place":"156 km NNW of Hicks Bay, New Zealand","time":1789964920661,"updated":1789971629725,"tz":null,"url":"https://earthquake.usgs.gov/earthquakes/eventpage/us7000tivi","detail":"https://earthquake.usgs.gov/earthquakes/feed/v1.0/detail/us7000tivi.geojson","felt":1,"cdi":2.9,"mmi":null,"alert":null,"status":"reviewed","tsunami":0,"sig":340,"net":"us","code":"7000tivi","ids":",us7000tivi,","sources":",us,","types":",dyfi,origin,phase-data,","nst":44,"dmin":1.376,"rms":1.07,"gap":76,"magType":"mb","type":"earthquake","title":"M 4.7 - 156 km NNW of Hicks Bay, New Zealand"},"geometry":{"type":"Point","coordinates":[177.7978,-36.2456,213.01]},"id":"us7000tivi"},
{"type":"Feature","properties":{"mag":4.5,"place":"4 km W of Victor Raul, Peru","time":1789963104483,"updated":1789963781040,"tz":null,"url":"https://earthquake.usgs.gov/earthquakes/eventpage/us7000tivb","detail":"https://earthquake.usgs.gov/earthquakes/feed/v1.0/detail/us7000tivb.geojson","felt":null,"cdi":null,"mmi":null,"alert":null,"status":"reviewed","tsunami":0,"sig":312,"net":"us","code":"7000tivb","ids":",us7000tivb,","sources":",us,","types":",origin,phase-data,","nst":26,"dmin":4.085,"rms":1.11,"gap":156,"magType":"mb","type":"earthquake","title":"M 4.5 - 4 km W of Victor Raul, Peru"},"geometry":{"type":"Point","coordinates":[-78.8646,-8.397,73.088]},"id":"us7000tivb"},
{"type":"Feature","properties":{"mag":2.9,"place":"73 km N of Culebra, Puerto Rico","time":1789960286870,"updated":1789964410450,"tz":null,"url":"https://earthquake.usgs.gov/earthquakes/eventpage/pr71533753","detail":"https://earthquake.usgs.gov/earthquakes/feed/v1.0/detail/pr71533753.geojson","felt":null,"cdi":null,"mmi":null,"alert":null,"status":"reviewed","tsunami":0,"sig":129,"net":"pr","code":"71533753","ids":",pr71533753,","sources":",pr,","types":",origin,phase-data,","nst":10,"dmin":0.6547,"rms":0.18,"gap":240,"magType":"md","type":"earthquake","title":"M 2.9 - 73 km N of Culebra, Puerto Rico"},"geometry":{"type":"Point","coordinates":[-65.2393333333333,18.9643333333333,13.48]},"id":"pr71533753"},
{"type":"Feature","properties":{"mag":2.8,"place":"64 km ESE of Pedro Bay, Alaska","time":1789959742813,"updated":1789960040369,"tz":null,"url":"https://earthquake.usgs.gov/earthquakes/eventpage/aka2026srzvla","detail":"https://earthquake.usgs.gov/earthquakes/feed/v1.0/detail/aka2026srzvla.geojson","felt":null,"cdi":null,"mmi":null,"alert":null,"status":"automatic","tsunami":0,"sig":121,"net":"ak","code":"a2026srzvla","ids":",aka2026srzvla,","sources":",ak,","types":",origin,phase-data,","nst":125,"dmin":0.2,"rms":0.7,"gap":70,"magType":"ml","type":"earthquake","title":"M 2.8 - 64 km ESE of Pedro Bay, Alaska"},"geometry":{"type":"Point","coordinates":[-153.097,59.506,102.1]},"id":"aka2026srzvla"},
{"type":"Feature","properties":{"mag":3.61,"place":"95 km S of Boca de Yuma, Dominican Republic","time":1789958892270,"updated":1789966642467,"tz":null,"url":"https://earthquake.usgs.gov/earthquakes/eventpage/pr2026264000","detail":"https://earthquake.usgs.gov/earthquakes/feed/v1.0/detail/pr2026264000.geojson","felt":null,"cdi":null,"mmi":null,"alert":null,"status":"reviewed","tsunami":0,"sig":200,"net":"pr","code":"2026264000","ids":",us7000tiv6,pr2026264000,","sources":",us,pr,","types":",origin,phase-data,","nst":20,"dmin":1.054,"rms":0.36,"gap":226,"magType":"md","type":"earthquake","title":"M 3.6 - 95 km S of Boca de Yuma, Dominican Republic"},"geometry":{"type":"Point","coordinates":[-68.7415,17.5233,13]},"id":"pr2026264000"},
{"type":"Feature","properties":{"mag":3.5,"place":"145 km SW of Nikolski, Alaska","time":1789958313606,"updated":1790013065040,"tz":null,"url":"https://earthquake.usgs.gov/earthquakes/eventpage/us7000tivh","detail":"https://earthquake.usgs.gov/earthquakes/feed/v1.0/detail/us7000tivh.geojson","felt":null,"cdi":null,"mmi":2.337,"alert":null,"status":"reviewed","tsunami":0,"sig":188,"net":"us","code":"7000tivh","ids":",aka2026srzaxg,us7000tivh,","sources":",ak,us,","types":",origin,phase-data,shakemap,","nst":21,"dmin":0.783,"rms":1.21,"gap":212,"magType":"ml","type":"earthquake","title":"M 3.5 - 145 km SW of Nikolski, Alaska"},"geometry":{"type":"Point","coordinates":[-170.4991,52.0937,35]},"id":"us7000tivh"},
{"type":"Feature","properties":{"mag":2.7,"place":"36 km NW of Ninilchik, Alaska","time":1789957796669,"updated":1789959027040,"tz":null,"url":"https://earthquake.usgs.gov/earthquakes/eventpage/aka2026srytln","detail":"https://earthquake.usgs.gov/earthquakes/feed/v1.0/detail/aka2026srytln.geojson","felt":1,"cdi":1,"mmi":null,"alert":null,"status":"automatic","tsunami":0,"sig":112,"net":"ak","code":"a2026srytln","ids":",aka2026srytln,us7000tiv0,","sources":",ak,us,","types":",dyfi,origin,phase-data,","nst":105,"dmin":0.3,"rms":0.8,"gap":34,"magType":"ml","type":"earthquake","title":"M 2.7 - 36 km NW of Ninilchik, Alaska"},"geometry":{"type":"Point","coordinates":[-152.056,60.311,78.8]},"id":"aka2026srytln"},
{"type":"Feature","properties":{"mag":4.1,"place":"238 km ESE of Makarov, Russia","time":1789955876181,"updated":1789957021040,"tz":null,"url":"https://earthquake.usgs.gov/earthquakes/eventpage/us7000tiuu","detail":"https://earthquake.usgs.gov/earthquakes/feed/v1.0/detail/us7000tiuu.geojson","felt":null,"cdi":null,"mmi":null,"alert":null,"status":"reviewed","tsunami":0,"sig":259,"net":"us","code":"7000tiuu","ids":",us7000tiuu,","sources":",us,","types":",origin,phase-data,","nst":46,"dmin":2.402,"rms":0.77,"gap":122,"magType":"mb","type":"earthquake","title":"M 4.1 - 238 km ESE of Makarov, Russia"},"geometry":{"type":"Point","coordinates":[145.89,48.086,494.972]},"id":"us7000tiuu"},
{"type":"Feature","properties":{"mag":5.5,"place":"35 km NNE of Ruteng, Indonesia","time":1789954896315,"updated":1790041809881,"tz":null,"url":"https://earthquake.usgs.gov/earthquakes/eventpage/us7000tiur","detail":"https://earthquake.usgs.gov/earthquakes/feed/v1.0/detail/us7000tiur.geojson","felt":null,"cdi":null,"mmi":6.701,"alert":"green","status":"reviewed","tsunami":0,"sig":465,"net":"us","code":"7000tiur","ids":",us7000tiur,","sources":",us,","types":",ground-failure,losspager,origin,phase-data,shakemap,","nst":59,"dmin":3.373,"rms":1.29,"gap":50,"magType":"mb","type":"earthquake","title":"M 5.5 - 35 km NNE of Ruteng, Indonesia"},"geometry":{"type":"Point","coordinates":[120.5793,-8.307,10]},"id":"us7000tiur"},
{"type":"Feature","properties":{"mag":3.43,"place":"87 km NE of Punta Cana, Dominican Republic","time":1789954431700,"updated":1789955524520,"tz":null,"url":"https://earthquake.usgs.gov/earthquakes/eventpage/pr71533708","detail":"https://earthquake.usgs.gov/earthquakes/feed/v1.0/detail/pr71533708.geojson","felt":null,"cdi":null,"mmi":null,"alert":null,"status":"reviewed","tsunami":0,"sig":181,"net":"pr","code":"71533708","ids":",us7000tium,pr71533708,","sources":",us,pr,","types":",origin,phase-data,","nst":23,"dmin":0.8278,"rms":0.37,"gap":203,"magType":"md","type":"earthquake","title":"M 3.4 - 87 km NE of Punta Cana, Dominican Republic"},"geometry":{"type":"Point","coordinates":[-67.9083333333333,19.2145,24.71]},"id":"pr71533708"},
{"type":"Feature","properties":{"mag":4.3,"place":"8 km S of Santiago, Peru","time":1789952853847,"updated":1790030387017,"tz":null,"url":"https://earthquake.usgs.gov/earthquakes/eventpage/us7000tiuj","detail":"https://earthquake.usgs.gov/earthquakes/feed/v1.0/detail/us7000tiuj.geojson","felt":1,"cdi":3.4,"mmi":null,"alert":null,"status":"reviewed","tsunami":0,"sig":285,"net":"us","code":"7000tiuj","ids":",us7000tiuj,","sources":",us,","types":",dyfi,origin,phase-data,","nst":17,"dmin":4.583,"rms":1.33,"gap":104,"magType":"mb","type":"earthquake","title":"M 4.3 - 8 km S of Santiago, Peru"},"geometry":{"type":"Point","coordinates":[-71.9868,-13.6048,10]},"id":"us7000tiuj"},
{"type":"Feature","properties":{"mag":4.9,"place":"26 km SE of Saimbeyli, Turkey","time":1789952524529,"updated":1789974260618,"tz":null,"url":"https://earthquake.usgs.gov/earthquakes/eventpage/us7000tiui","detail":"https://earthquake.usgs.gov/earthquakes/feed/v1.0/detail/us7000tiui.geojson","felt":2,"cdi":3.1,"mmi":null,"alert":null,"status":"reviewed","tsunami":0,"sig":370,"net":"us","code":"7000tiui","ids":",us7000tiui,","sources":",us,","types":",dyfi,origin,phase-data,","nst":59,"dmin":0.236,"rms":1.07,"gap":49,"magType":"mww","type":"earthquake","title":"M 4.9 - 26 km SE of Saimbeyli, Turkey"},"geometry":{"type":"Point","coordinates":[36.2994,37.8136,10]},"id":"us7000tiui"},
{"type":"Feature","properties":{"mag":2.93,"place":"14 km NNE of Pāhala, Hawaii","time":1789952193680,"updated":1789960931040,"tz":null,"url":"https://earthquake.usgs.gov/earthquakes/eventpage/hv75040987","detail":"https://earthquake.usgs.gov/earthquakes/feed/v1.0/detail/hv75040987.geojson","felt":null,"cdi":null,"mmi":null,"alert":null,"status":"automatic","tsunami":0,"sig":132,"net":"hv","code":"75040987","ids":",us7000tiuf,hv75040987,","sources":",us,hv,","types":",origin,phase-data,","nst":49,"dmin":0.04622,"rms":0.129999995,"gap":50,"magType":"md","type":"earthquake","title":"M 2.9 - 14 km NNE of Pāhala, Hawaii"},"geometry":{"type":"Point","coordinates":[-155.444000244141,19.3273334503174,25.2199993133545]},"id":"hv75040987"},
{"type":"Feature","properties":{"mag":2.64,"place":"21 km SSE of Volcano, Hawaii","time":1789952171240,"updated":1789952380870,"tz":null,"url":"https://earthquake.usgs.gov/earthquakes/eventpage/hv75040982","detail":"https://earthquake.usgs.gov/earthquakes/feed/v1.0/detail/hv75040982.geojson","felt":null,"cdi":null,"mmi":null,"alert":null,"status":"automatic","tsunami":0,"sig":107,"net":"hv","code":"75040982","ids":",hv75040982,","sources":",hv,","types":",origin,phase-data,","nst":30,"dmin":0.1224,"rms":0.100000001,"gap":205,"magType":"ml","type":"earthquake","title":"M 2.6 - 21 km SSE of Volcano, Hawaii"},"geometry":{"type":"Point","coordinates":[-155.163665771484,19.2609996795654,41.2900009155273]},"id":"hv75040982"},
{"type":"Feature","properties":{"mag":2.5,"place":"3 km WSW of Fuig, Puerto Rico","time":1789947519890,"updated":1789948374250,"tz":null,"url":"https://earthquake.usgs.gov/earthquakes/eventpage/pr71533688","detail":"https://earthquake.usgs.gov/earthquakes/feed/v1.0/detail/pr71533688.geojson","felt":null,"cdi":null,"mmi":null,"alert":null,"status":"reviewed","tsunami":0,"sig":96,"net":"pr","code":"71533688","ids":",pr71533688,","sources":",pr,","types":",origin,phase-data,","nst":11,"dmin":0.03545,"rms":0.12,"gap":169,"magType":"md","type":"earthquake","title":"M 2.5 - 3 km WSW of Fuig, Puerto Rico"},"geometry":{"type":"Point","coordinates":[-66.9458333333333,17.9701666666667,7.4]},"id":"pr71533688"},
{"type":"Feature","properties":{"mag":4.6,"place":"25 km SSW of Shikotan, Russia","time":1789946737454,"updated":1789959990040,"tz":null,"url":"https://earthquake.usgs.gov/earthquakes/eventpage/us7000tiu3","detail":"https://earthquake.usgs.gov/earthquakes/feed/v1.0/detail/us7000tiu3.geojson","felt":null,"cdi":null,"mmi":null,"alert":null,"status":"reviewed","tsunami":0,"sig":326,"net":"us","code":"7000tiu3","ids":",us7000tiu3,","sources":",us,","types":",origin,phase-data,","nst":84,"dmin":2.927,"rms":0.66,"gap":108,"magType":"mww","type":"earthquake","title":"M 4.6 - 25 km SSW of Shikotan, Russia"},"geometry":{"type":"Point","coordinates":[146.5756,43.6006,57.379]},"id":"us7000tiu3"},
{"type":"Feature","properties":{"mag":4.9,"place":"172 km SSE of Lata, Solomon Islands","time":1789944681731,"updated":1789958918040,"tz":null,"url":"https://earthquake.usgs.gov/earthquakes/eventpage/us7000titz","detail":"https://earthquake.usgs.gov/earthquakes/feed/v1.0/detail/us7000titz.geojson","felt":null,"cdi":null,"mmi":null,"alert":null,"status":"reviewed","tsunami":0,"sig":369,"net":"us","code":"7000titz","ids":",us7000titz,","sources":",us,","types":",origin,phase-data,","nst":28,"dmin":6.701,"rms":0.82,"gap":133,"magType":"mb","type":"earthquake","title":"M 4.9 - 172 km SSE of Lata, Solomon Islands"},"geometry":{"type":"Point","coordinates":[166.1528,-12.24,10]},"id":"us7000titz"},
{"type":"Feature","properties":{"mag":4.9,"place":"southeast of the Loyalty Islands","time":1789942199229,"updated":1789954005040,"tz":null,"url":"https://earthquake.usgs.gov/earthquakes/eventpage/us7000titt","detail":"https://earthquake.usgs.gov/earthquakes/feed/v1.0/detail/us7000titt.geojson","felt":null,"cdi":null,"mmi":null,"alert":null,"status":"reviewed","tsunami":0,"sig":369,"net":"us","code":"7000titt","ids":",us7000titt,","sources":",us,","types":",origin,phase-data,","nst":34,"dmin":3.99,"rms":0.57,"gap":112,"magType":"mb","type":"earthquake","title":"M 4.9 - southeast of the Loyalty Islands"},"geometry":{"type":"Point","coordinates":[171.7471,-23.0403,10]},"id":"us7000titt"},
{"type":"Feature","properties":{"mag":3.2,"place":"169 km WSW of Nikolski, Alaska","time":1789940888946,"updated":1789964106438,"tz":null,"url":"https://earthquake.usgs.gov/earthquakes/eventpage/aka2026srpjla","detail":"https://earthquake.usgs.gov/earthquakes/feed/v1.0/detail/aka2026srpjla.geojson","felt":null,"cdi":null,"mmi":null,"alert":null,"status":"reviewed","tsunami":0,"sig":158,"net":"ak","code":"a2026srpjla","ids":",aka2026srpjla,","sources":",ak,","types":",origin,phase-data,","nst":18,"dmin":0.9,"rms":0.5,"gap":205,"magType":"ml","type":"earthquake","title":"M 3.2 - 169 km WSW of Nikolski, Alaska"},"geometry":{"type":"Point","coordinates":[-171.088,52.246,101.4]},"id":"aka2026srpjla"},
{"type":"Feature","properties":{"mag":5,"place":"248 km SSE of False Pass, Alaska","time":1789938379931,"updated":1790025381361,"tz":null,"url":"https://earthquake.usgs.gov/earthquakes/eventpage/us7000tit6","detail":"https://earthquake.usgs.gov/earthquakes/feed/v1.0/detail/us7000tit6.geojson","felt":null,"cdi":null,"mmi":2.225,"alert":null,"status":"reviewed","tsunami":0,"sig":385,"net":"us","code":"7000tit6","ids":",us7000tit6,aka2026srnyvl,","sources":",us,ak,","types":",event-sequence,oaf,origin,phase-data,shakemap,","nst":99,"dmin":2.094,"rms":0.58,"gap":133,"magType":"mb","type":"earthquake","title":"M 5.0 - 248 km SSE of False Pass, Alaska"},"geometry":{"type":"Point","coordinates":[-162.4693,52.6966,10]},"id":"us7000tit6"},
{"type":"Feature","properties":{"mag":5.7,"place":"south of Africa","time":1789937677248,"updated":1790024548621,"tz":null,"url":"https://earthquake.usgs.gov/earthquakes/eventpage/us7000tit5","detail":"https://earthquake.usgs.gov/earthquakes/feed/v1.0/detail/us7000tit5.geojson","felt":null,"cdi":null,"mmi":0,"alert":"green","status":"reviewed","tsunami":0,"sig":500,"net":"us","code":"7000tit5","ids":",us7000tit5,","sources":",us,","types":",losspager,origin,phase-data,shakemap,","nst":64,"dmin":17.858,"rms":0.84,"gap":42,"magType":"mww","type":"earthquake","title":"M 5.7 - south of Africa"},"geometry":{"type":"Point","coordinates":[31.2345,-48.4279,10]},"id":"us7000tit5"},
{"type":"Feature","properties":{"mag":4.5,"place":"39 km ESE of Khuzdar, Pakistan","time":1789936880633,"updated":1789994203040,"tz":null,"url":"https://earthquake.usgs.gov/earthquakes/eventpage/us7000tit3","detail":"https://earthquake.usgs.gov/earthquakes/feed/v1.0/detail/us7000tit3.geojson","felt":null,"cdi":null,"mmi":null,"alert":null,"status":"reviewed","tsunami":0,"sig":312,"net":"us","code":"7000tit3","ids":",us7000tit3,","sources":",us,","types":",origin,phase-data,","nst":54,"dmin":7.032,"rms":0.37,"gap":97,"magType":"mb","type":"earthquake","title":"M 4.5 - 39 km ESE of Khuzdar, Pakistan"},"geometry":{"type":"Point","coordinates":[66.9959,27.7043,10]},"id":"us7000tit3"},
{"type":"Feature","properties":{"mag":2.95,"place":"4 km WSW of Guánica, Puerto Rico","time":1789936356360,"updated":1789937689592,"tz":null,"url":"https://earthquake.usgs.gov/earthquakes/eventpage/pr71533593","detail":"https://earthquake.usgs.gov/earthquakes/feed/v1.0/detail/pr71533593.geojson","felt":1,"cdi":2,"mmi":null,"alert":null,"status":"reviewed","tsunami":0,"sig":134,"net":"pr","code":"71533593","ids":",pr71533593,","sources":",pr,","types":",dyfi,origin,phase-data,","nst":29,"dmin":0.04333,"rms":0.17,"gap":179,"magType":"md","type":"earthquake","title":"M 3.0 - 4 km WSW of Guánica, Puerto Rico"},"geometry":{"type":"Point","coordinates":[-66.9515,17.9575,7.96]},"id":"pr71533593"},
{"type":"Feature","properties":{"mag":2.97,"place":"12 km SW of Estacion Coahuila, B.C., MX","time":1789933817580,"updated":1789936222040,"tz":null,"url":"https://earthquake.usgs.gov/earthquakes/eventpage/ci41335663","detail":"https://earthquake.usgs.gov/earthquakes/feed/v1.0/detail/ci41335663.geojson","felt":null,"cdi":null,"mmi":null,"alert":null,"status":"reviewed","tsunami":0,"sig":136,"net":"ci","code":"41335663","ids":",ci41335663,us7000tisw,","sources":",ci,us,","types":",nearby-cities,origin,phase-data,scitech-link,","nst":24,"dmin":0.12,"rms":0.29,"gap":78,"magType":"ml","type":"earthquake","title":"M 3.0 - 12 km SW of Estacion Coahuila, B.C., MX"},"geometry":{"type":"Point","coordinates":[-115.093,32.1215,19.13]},"id":"ci41335663"},
{"type":"Feature","properties":{"mag":2.9,"place":"29 km E of Malaga, New Mexico","time":1789932194249,"updated":1789932542040,"tz":null,"url":"https://earthquake.usgs.gov/earthquakes/eventpage/us7000tisq","detail":"https://earthquake.usgs.gov/earthquakes/feed/v1.0/detail/us7000tisq.geojson","felt":null,"cdi":null,"mmi":null,"alert":null,"status":"reviewed","tsunami":0,"sig":129,"net":"us","code":"7000tisq","ids":",us7000tisq,","sources":",us,","types":",origin,phase-data,","nst":36,"dmin":0.099,"rms":0.44,"gap":78,"magType":"mb_lg","type":"earthquake","title":"M 2.9 - 29 km E of Malaga, New Mexico"},"geometry":{"type":"Point","coordinates":[-103.7623,32.2749,6.393]},"id":"us7000tisq"},
{"type":"Feature","properties":{"mag":3.5,"place":"168 km SW of Nikolski, Alaska","time":1789931756293,"updated":1789940495127,"tz":null,"url":"https://earthquake.usgs.gov/earthquakes/eventpage/aka2026srkhbo","detail":"https://earthquake.usgs.gov/earthquakes/feed/v1.0/detail/aka2026srkhbo.geojson","felt":null,"cdi":null,"mmi":1.22,"alert":null,"status":"reviewed","tsunami":0,"sig":188,"net":"ak","code":"a2026srkhbo","ids":",aka2026srkhbo,","sources":",ak,","types":",origin,phase-data,shakemap,","nst":40,"dmin":0.9,"rms":0.5,"gap":210,"magType":"ml","type":"earthquake","title":"M 3.5 - 168 km SW of Nikolski, Alaska"},"geometry":{"type":"Point","coordinates":[-170.937,52.106,103.5]},"id":"aka2026srkhbo"},
{"type":"Feature","properties":{"mag":3.5,"place":"121 km S of Yakutat, Alaska","time":1789928380099,"updated":1789940347722,"tz":null,"url":"https://earthquake.usgs.gov/earthquakes/eventpage/aka2026srikrm","detail":"https://earthquake.usgs.gov/earthquakes/feed/v1.0/detail/aka2026srikrm.geojson","felt":null,"cdi":null,"mmi":null,"alert":null,"status":"reviewed","tsunami":0,"sig":188,"net":"ak","code":"a2026srikrm","ids":",us7000tisl,aka2026srikrm,","sources":",us,ak,","types":",origin,phase-data,","nst":43,"dmin":0.9,"rms":0.8,"gap":146,"magType":"ml","type":"earthquake","title":"M 3.5 - 121 km S of Yakutat, Alaska"},"geometry":{"type":"Point","coordinates":[-139.373,58.468,5]},"id":"aka2026srikrm"},
{"type":"Feature","properties":{"mag":4.4,"place":"69 km SSW of Lembar, Indonesia","time":1789926692955,"updated":1789929331040,"tz":null,"url":"https://earthquake.usgs.gov/earthquakes/eventpage/us7000tisi","detail":"https://earthquake.usgs.gov/earthquakes/feed/v1.0/detail/us7000tisi.geojson","felt":null,"cdi":null,"mmi":null,"alert":null,"status":"reviewed","tsunami":0,"sig":298,"net":"us","code":"7000tisi","ids":",us7000tisi,","sources":",us,","types":",origin,phase-data,","nst":30,"dmin":5.791,"rms":0.83,"gap":78,"magType":"mb","type":"earthquake","title":"M 4.4 - 69 km SSW of Lembar, Indonesia"},"geometry":{"type":"Point","coordinates":[115.7801,-9.286,76.416]},"id":"us7000tisi"},
{"type":"Feature","properties":{"mag":4.4,"place":"135 km SW of Hihifo, Tonga","time":1789924625458,"updated":1789928859040,"tz":null,"url":"https://earthquake.usgs.gov/earthquakes/eventpage/us7000tisg","detail":"https://earthquake.usgs.gov/earthquakes/feed/v1.0/detail/us7000tisg.geojson","felt":null,"cdi":null,"mmi":null,"alert":null,"status":"reviewed","tsunami":0,"sig":298,"net":"us","code":"7000tisg","ids":",us7000tisg,","sources":",us,","types":",origin,phase-data,","nst":48,"dmin":4.033,"rms":0.69,"gap":67,"magType":"mb","type":"earthquake","title":"M 4.4 - 135 km SW of Hihifo, Tonga"},"geometry":{"type":"Point","coordinates":[-174.7369,-16.7787,160.742]},"id":"us7000tisg"},
{"type":"Feature","properties":{"mag":3.6,"place":"55 km SE of Chignik, Alaska","time":1789924213348,"updated":1789940371105,"tz":null,"url":"https://earthquake.usgs.gov/earthquakes/eventpage/aka2026srgcdi","detail":"https://earthquake.usgs.gov/earthquakes/feed/v1.0/detail/aka2026srgcdi.geojson","felt":null,"cdi":null,"mmi":2.546,"alert":null,"status":"reviewed","tsunami":0,"sig":199,"net":"ak","code":"a2026srgcdi","ids":",us7000tisd,aka2026srgcdi,","sources":",us,ak,","types":",origin,phase-data,shakemap,","nst":90,"dmin":0.6,"rms":0.7,"gap":196,"magType":"ml","type":"earthquake","title":"M 3.6 - 55 km SE of Chignik, Alaska"},"geometry":{"type":"Point","coordinates":[-157.772,55.946,33.7]},"id":"aka2026srgcdi"},
{"type":"Feature","properties":{"mag":3.1,"place":"77 km S of Boca de Yuma, Dominican Republic","time":1789923570757,"updated":1789926973040,"tz":null,"url":"https://earthquake.usgs.gov/earthquakes/eventpage/us7000tisb","detail":"https://earthquake.usgs.gov/earthquakes/feed/v1.0/detail/us7000tisb.geojson","felt":null,"cdi":null,"mmi":null,"alert":null,"status":"reviewed","tsunami":0,"sig":148,"net":"us","code":"7000tisb","ids":",us7000tisb,","sources":",us,","types":",origin,phase-data,","nst":15,"dmin":0.875,"rms":0.65,"gap":157,"magType":"ml","type":"earthquake","title":"M 3.1 - 77 km S of Boca de Yuma, Dominican Republic"},"geometry":{"type":"Point","coordinates":[-68.6909,17.6862,35]},"id":"us7000tisb"},
{"type":"Feature","properties":{"mag":3.8,"place":"180 km NNW of The Valley, Anguilla","time":1789918588270,"updated":1789927316040,"tz":null,"url":"https://earthquake.usgs.gov/earthquakes/eventpage/pr2026263000","detail":"https://earthquake.usgs.gov/earthquakes/feed/v1.0/detail/pr2026263000.geojson","felt":null,"cdi":null,"mmi":null,"alert":null,"status":"reviewed","tsunami":0,"sig":222,"net":"pr","code":"2026263000","ids":",us7000tis6,pr2026263000,","sources":",us,pr,","types":",origin,phase-data,","nst":17,"dmin":1.4673,"rms":0.43,"gap":308,"magType":"md","type":"earthquake","title":"M 3.8 - 180 km NNW of The Valley, Anguilla"},"geometry":{"type":"Point","coordinates":[-63.6425,19.7456,38]},"id":"pr2026263000"},
{"type":"Feature","properties":{"mag":4.4,"place":"276 km WNW of Houma, Tonga","time":1789918430526,"updated":1789919795040,"tz":null,"url":"https://earthquake.usgs.gov/earthquakes/eventpage/us7000tis4","detail":"https://earthquake.usgs.gov/earthquakes/feed/v1.0/detail/us7000tis4.geojson","felt":null,"cdi":null,"mmi":null,"alert":null,"status":"reviewed","tsunami":0,"sig":298,"net":"us","code":"7000tis4","ids":",us7000tis4,","sources":",us,","types":",origin,phase-data,","nst":41,"dmin":4.665,"rms":0.69,"gap":101,"magType":"mb","type":"earthquake","title":"M 4.4 - 276 km WNW of Houma, Tonga"},"geometry":{"type":"Point","coordinates":[-177.7935,-20.3079,507.081]},"id":"us7000tis4"},
{"type":"Feature","properties":{"mag":3.2,"place":"57 km ENE of Chenega, Alaska","time":1789913832324,"updated":1789918758040,"tz":null,"url":"https://earthquake.usgs.gov/earthquakes/eventpage/aka2026sraido","detail":"https://earthquake.usgs.gov/earthquakes/feed/v1.0/detail/aka2026sraido.geojson","felt":null,"cdi":null,"mmi":null,"alert":null,"status":"automatic","tsunami":0,"sig":158,"net":"ak","code":"a2026sraido","ids":",us7000tiry,aka2026sraido,","sources":",us,ak,","types":",origin,phase-data,","nst":129,"dmin":0.3,"rms":1.2,"gap":65,"magType":"ml","type":"earthquake","title":"M 3.2 - 57 km ENE of Chenega, Alaska"},"geometry":{"type":"Point","coordinates":[-147.015,60.216,16]},"id":"aka2026sraido"},
{"type":"Feature","properties":{"mag":4.6,"place":"102 km WSW of Nikolski, Alaska","time":1789912547125,"updated":1789940227805,"tz":null,"url":"https://earthquake.usgs.gov/earthquakes/eventpage/us7000tirv","detail":"https://earthquake.usgs.gov/earthquakes/feed/v1.0/detail/us7000tirv.geojson","felt":null,"cdi":null,"mmi":2.423,"alert":null,"status":"reviewed","tsunami":0,"sig":326,"net":"us","code":"7000tirv","ids":",aka2026sqzpoi,us7000tirv,","sources":",ak,us,","types":",origin,phase-data,shakemap,","nst":43,"dmin":0.931,"rms":1.27,"gap":140,"magType":"mb","type":"earthquake","title":"M 4.6 - 102 km WSW of Nikolski, Alaska"},"geometry":{"type":"Point","coordinates":[-170.3466,52.7501,87.277]},"id":"us7000tirv"},
{"type":"Feature","properties":{"mag":4.7,"place":"54 km SE of Shima, Japan","time":1789912496995,"updated":1789914803040,"tz":null,"url":"https://earthquake.usgs.gov/earthquakes/eventpage/us7000tirt","detail":"https://earthquake.usgs.gov/earthquakes/feed/v1.0/detail/us7000tirt.geojson","felt":null,"cdi":null,"mmi":null,"alert":null,"status":"reviewed","tsunami":0,"sig":340,"net":"us","code":"7000tirt","ids":",us7000tirt,","sources":",us,","types":",origin,phase-data,","nst":68,"dmin":1.389,"rms":0.76,"gap":122,"magType":"mb","type":"earthquake","title":"M 4.7 - 54 km SE of Shima, Japan"},"geometry":{"type":"Point","coordinates":[137.2284,33.9678,354.932]},"id":"us7000tirt"},
{"type":"Feature","properties":{"mag":2.7,"place":"94 km N of Yakutat, Alaska","time":1789910510933,"updated":1789918055040,"tz":null,"url":"https://earthquake.usgs.gov/earthquakes/eventpage/us7000tirn","detail":"https://earthquake.usgs.gov/earthquakes/feed/v1.0/detail/us7000tirn.geojson","felt":null,"cdi":null,"mmi":null,"alert":null,"status":"reviewed","tsunami":0,"sig":112,"net":"us","code":"7000tirn","ids":",us7000tirn,","sources":",us,","types":",origin,phase-data,","nst":16,"dmin":0.832,"rms":0.8,"gap":152,"magType":"ml","type":"earthquake","title":"M 2.7 - 94 km N of Yakutat, Alaska"},"geometry":{"type":"Point","coordinates":[-139.5607,60.3947,5]},"id":"us7000tirn"},
{"type":"Feature","properties":{"mag":5.2,"place":"109 km W of Hihifo, Tonga","time":1789909245292,"updated":1789941500040,"tz":null,"url":"https://earthquake.usgs.gov/earthquakes/eventpage/us7000tirq","detail":"https://earthquake.usgs.gov/earthquakes/feed/v1.0/detail/us7000tirq.geojson","felt":null,"cdi":null,"mmi":null,"alert":null,"status":"reviewed","tsunami":0,"sig":416,"net":"us","code":"7000tirq","ids":",us7000tirq,","sources":",us,","types":",origin,phase-data,","nst":38,"dmin":5.618,"rms":1.44,"gap":67,"magType":"mww","type":"earthquake","title":"M 5.2 - 109 km W of Hihifo, Tonga"},"geometry":{"type":"Point","coordinates":[-174.8169,-15.8682,10]},"id":"us7000tirq"},
{"type":"Feature","properties":{"mag":5.4,"place":"68 km NNE of Kainantu, Papua New Guinea","time":1789908353415,"updated":1789995216833,"tz":null,"url":"https://earthquake.usgs.gov/earthquakes/eventpage/us7000tirh","detail":"https://earthquake.usgs.gov/earthquakes/feed/v1.0/detail/us7000tirh.geojson","felt":7,"cdi":4.6,"mmi":3.824,"alert":"green","status":"reviewed","tsunami":0,"sig":452,"net":"us","code":"7000tirh","ids":",us7000tirh,","sources":",us,","types":",dyfi,losspager,origin,phase-data,shakemap,","nst":82,"dmin":3.732,"rms":0.82,"gap":47,"magType":"mww","type":"earthquake","title":"M 5.4 - 68 km NNE of Kainantu, Papua New Guinea"},"geometry":{"type":"Point","coordinates":[146.2041,-5.7711,116.019]},"id":"us7000tirh"},
{"type":"Feature","properties":{"mag":4.8,"place":"92 km W of Lata, Solomon Islands","time":1789907062144,"updated":1789908647040,"tz":null,"url":"https://earthquake.usgs.gov/earthquakes/eventpage/us7000tirf","detail":"https://earthquake.usgs.gov/earthquakes/feed/v1.0/detail/us7000tirf.geojson","felt":null,"cdi":null,"mmi":null,"alert":null,"status":"reviewed","tsunami":0,"sig":354,"net":"us","code":"7000tirf","ids":",us7000tirf,","sources":",us,","types":",origin,phase-data,","nst":38,"dmin":9.87,"rms":0.71,"gap":148,"magType":"mb","type":"earthquake","title":"M 4.8 - 92 km W of Lata, Solomon Islands"},"geometry":{"type":"Point","coordinates":[164.9562,-10.6446,33.9]},"id":"us7000tirf"},
{"type":"Feature","properties":{"mag":4.4,"place":"Volcano Islands, Japan region","time":1789904605187,"updated":1789906670040,"tz":null,"url":"https://earthquake.usgs.gov/earthquakes/eventpage/us7000tir6","detail":"https://earthquake.usgs.gov/earthquakes/feed/v1.0/detail/us7000tir6.geojson","felt":null,"cdi":null,"mmi":null,"alert":null,"status":"reviewed","tsunami":0,"sig":298,"net":"us","code":"7000tir6","ids":",us7000tir6,","sources":",us,","types":",origin,phase-data,","nst":48,"dmin":10.741,"rms":0.47,"gap":103,"magType":"mb","type":"earthquake","title":"M 4.4 - Volcano Islands, Japan region"},"geometry":{"type":"Point","coordinates":[141.1682,25.0379,162.51]},"id":"us7000tir6"},
{"type":"Feature","properties":{"mag":2.5,"place":"14 km WNW of Anchor Point, Alaska","time":1789901056818,"updated":1789901239100,"tz":null,"url":"https://earthquake.usgs.gov/earthquakes/eventpage/aka2026sqtfof","detail":"https://earthquake.usgs.gov/earthquakes/feed/v1.0/detail/aka2026sqtfof.geojson","felt":null,"cdi":null,"mmi":null,"alert":null,"status":"automatic","tsunami":0,"sig":96,"net":"ak","code":"a2026sqtfof","ids":",aka2026sqtfof,","sources":",ak,","types":",origin,phase-data,","nst":78,"dmin":0.4,"rms":0.6,"gap":62,"magType":"ml","type":"earthquake","title":"M 2.5 - 14 km WNW of Anchor Point, Alaska"},"geometry":{"type":"Point","coordinates":[-152.062,59.827,70.7]},"id":"aka2026sqtfof"},
{"type":"Feature","properties":{"mag":6.4,"place":"49 km NNE of Kainantu, Papua New Guinea","time":1789895855624,"updated":1789982725530,"tz":null,"url":"https://earthquake.usgs.gov/earthquakes/eventpage/us7000tiqc","detail":"https://earthquake.usgs.gov/earthquakes/feed/v1.0/detail/us7000tiqc.geojson","felt":30,"cdi":5.6,"mmi":5.41,"alert":"green","status":"reviewed","tsunami":0,"sig":647,"net":"us","code":"7000tiqc","ids":",us7000tiqc,","sources":",us,","types":",dyfi,ground-failure,losspager,moment-tensor,origin,phase-data,shakemap,","nst":91,"dmin":3.637,"rms":0.64,"gap":22,"magType":"mww","type":"earthquake","title":"M 6.4 - 49 km NNE of Kainantu, Papua New Guinea"},"geometry":{"type":"Point","coordinates":[146.0922,-5.9021,104.329]},"id":"us7000tiqc"},
{"type":"Feature","properties":{"mag":2.5,"place":"74 km WNW of Ninilchik, Alaska","time":1789895359207,"updated":1789898910040,"tz":null,"url":"https://earthquake.usgs.gov/earthquakes/eventpage/aka2026sqqbej","detail":"https://earthquake.usgs.gov/earthquakes/feed/v1.0/detail/aka2026sqqbej.geojson","felt":null,"cdi":null,"mmi":null,"alert":null,"status":"automatic","tsunami":0,"sig":96,"net":"ak","code":"a2026sqqbej","ids":",us7000tiq7,aka2026sqqbej,","sources":",us,ak,","types":",origin,phase-data,","nst":96,"dmin":0.1,"rms":0.7,"gap":89,"magType":"ml","type":"earthquake","title":"M 2.5 - 74 km WNW of Ninilchik, Alaska"},"geometry":{"type":"Point","coordinates":[-152.971,60.2,139.5]},"id":"aka2026sqqbej"},
{"type":"Feature","properties":{"mag":4.4,"place":"115 km WSW of Gorontalo, Indonesia","time":1789895123416,"updated":1789898504040,"tz":null,"url":"https://earthquake.usgs.gov/earthquakes/eventpage/us7000tiq8","detail":"https://earthquake.usgs.gov/earthquakes/feed/v1.0/detail/us7000tiq8.geojson","felt":null,"cdi":null,"mmi":null,"alert":null,"status":"reviewed","tsunami":0,"sig":298,"net":"us","code":"7000tiq8","ids":",us7000tiq8,","sources":",us,","types":",origin,phase-data,","nst":31,"dmin":5.633,"rms":0.47,"gap":102,"magType":"mb","type":"earthquake","title":"M 4.4 - 115 km WSW of Gorontalo, Indonesia"},"geometry":{"type":"Point","coordinates":[122.1049,0.1391,197.143]},"id":"us7000tiq8"},
{"type":"Feature","properties":{"mag":5.3,"place":"64 km W of Cafayate, Argentina","time":1789894074457,"updated":1789902693357,"tz":null,"url":"https://earthquake.usgs.gov/earthquakes/eventpage/us7000tiq2","detail":"https://earthquake.usgs.gov/earthquakes/feed/v1.0/detail/us7000tiq2.geojson","felt":3,"cdi":3.4,"mmi":null,"alert":null,"status":"reviewed","tsunami":0,"sig":433,"net":"us","code":"7000tiq2","ids":",us7000tiq2,","sources":",us,","types":",dyfi,moment-tensor,origin,phase-data,","nst":64,"dmin":2.812,"rms":1.11,"gap":54,"magType":"mww","type":"earthquake","title":"M 5.3 - 64 km W of Cafayate, Argentina"},"geometry":{"type":"Point","coordinates":[-66.6117,-25.9869,10]},"id":"us7000tiq2"},
{"type":"Feature","properties":{"mag":3.05,"place":"6 km SSE of Ponce, Puerto Rico","time":1789890784250,"updated":1789892000070,"tz":null,"url":"https://earthquake.usgs.gov/earthquakes/eventpage/pr71533463","detail":"https://earthquake.usgs.gov/earthquakes/feed/v1.0/detail/pr71533463.geojson","felt":null,"cdi":null,"mmi":null,"alert":null,"status":"reviewed","tsunami":0,"sig":143,"net":"pr","code":"71533463","ids":",pr71533463,","sources":",pr,","types":",origin,phase-data,","nst":15,"dmin":0.09108,"rms":0.11,"gap":141,"magType":"md","type":"earthquake","title":"M 3.1 - 6 km SSE of Ponce, Puerto Rico"},"geometry":{"type":"Point","coordinates":[-66.6015,17.9513333333333,14.03]},"id":"pr71533463"},
{"type":"Feature","properties":{"mag":5.1,"place":"14 km WNW of Naze, Japan","time":1789889302965,"updated":1789890783980,"tz":null,"url":"https://earthquake.usgs.gov/earthquakes/eventpage/us7000tipl","detail":"https://earthquake.usgs.gov/earthquakes/feed/v1.0/detail/us7000tipl.geojson","felt":1,"cdi":3.1,"mmi":null,"alert":null,"status":"reviewed","tsunami":0,"sig":400,"net":"us","code":"7000tipl","ids":",us7000tipl,","sources":",us,","types":",dyfi,moment-tensor,origin,phase-data,","nst":88,"dmin":3.065,"rms":0.92,"gap":94,"magType":"mww","type":"earthquake","title":"M 5.1 - 14 km WNW of Naze, Japan"},"geometry":{"type":"Point","coordinates":[129.3406,28.3947,68.834]},"id":"us7000tipl"},
{"type":"Feature","properties":{"mag":2.5,"place":"25 km S of Port Graham, Alaska","time":1789887568429,"updated":1789887848772,"tz":null,"url":"https://earthquake.usgs.gov/earthquakes/eventpage/aka2026sqlsqi","detail":"https://earthquake.usgs.gov/earthquakes/feed/v1.0/detail/aka2026sqlsqi.geojson","felt":null,"cdi":null,"mmi":null,"alert":null,"status":"automatic","tsunami":0,"sig":96,"net":"ak","code":"a2026sqlsqi","ids":",aka2026sqlsqi,","sources":",ak,","types":",origin,phase-data,","nst":57,"dmin":0.5,"rms":0.6,"gap":145,"magType":"ml","type":"earthquake","title":"M 2.5 - 25 km S of Port Graham, Alaska"},"geometry":{"type":"Point","coordinates":[-151.896,59.125,54.8]},"id":"aka2026sqlsqi"},
{"type":"Feature","properties":{"mag":4.9,"place":"93 km ESE of Yigo Village, Guam","time":1789886876942,"updated":1789887834040,"tz":null,"url":"https://earthquake.usgs.gov/earthquakes/eventpage/us7000tipi","detail":"https://earthquake.usgs.gov/earthquakes/feed/v1.0/detail/us7000tipi.geojson","felt":null,"cdi":null,"mmi":null,"alert":null,"status":"reviewed","tsunami":0,"sig":369,"net":"us","code":"7000tipi","ids":",us7000tipi,","sources":",us,","types":",origin,phase-data,","nst":42,"dmin":1.959,"rms":0.94,"gap":139,"magType":"mb","type":"earthquake","title":"M 4.9 - 93 km ESE of Yigo Village, Guam"},"geometry":{"type":"Point","coordinates":[145.7081,13.2653,10]},"id":"us7000tipi"},
{"type":"Feature","properties":{"mag":4.3,"place":"Fiji region","time":1789885807624,"updated":1789907545040,"tz":null,"url":"https://earthquake.usgs.gov/earthquakes/eventpage/us7000tipf","detail":"https://earthquake.usgs.gov/earthquakes/feed/v1.0/detail/us7000tipf.geojson","felt":null,"cdi":null,"mmi":null,"alert":null,"status":"reviewed","tsunami":0,"sig":284,"net":"us","code":"7000tipf","ids":",us7000tipf,","sources":",us,","types":",origin,phase-data,","nst":29,"dmin":3.888,"rms":0.56,"gap":144,"magType":"mb","type":"earthquake","title":"M 4.3 - Fiji region"},"geometry":{"type":"Point","coordinates":[-177.7128,-19.2124,580.282]},"id":"us7000tipf"},
{"type":"Feature","properties":{"mag":5,"place":"103 km W of Hihifo, Tonga","time":1789880823869,"updated":1789881822040,"tz":null,"url":"https://earthquake.usgs.gov/earthquakes/eventpage/us7000tip2","detail":"https://earthquake.usgs.gov/earthquakes/feed/v1.0/detail/us7000tip2.geojson","felt":null,"cdi":null,"mmi":null,"alert":null,"status":"reviewed","tsunami":0,"sig":385,"net":"us","code":"7000tip2","ids":",us7000tip2,","sources":",us,","types":",origin,phase-data,","nst":27,"dmin":3.493,"rms":1.1,"gap":127,"magType":"mb","type":"earthquake","title":"M 5.0 - 103 km W of Hihifo, Tonga"},"geometry":{"type":"Point","coordinates":[-174.7641,-15.8926,10]},"id":"us7000tip2"},
{"type":"Feature","properties":{"mag":3.2,"place":"56 km S of Whites City, New Mexico","time":1789878220180,"updated":1790000706868,"tz":null,"url":"https://earthquake.usgs.gov/earthquakes/eventpage/tx2026sngzur","detail":"https://earthquake.usgs.gov/earthquakes/feed/v1.0/detail/tx2026sngzur.geojson","felt":null,"cdi":null,"mmi":null,"alert":null,"status":"reviewed","tsunami":0,"sig":158,"net":"tx","code":"2026sngzur","ids":",us7000tint,tx2026sngzur,","sources":",us,tx,","types":",origin,phase-data,","nst":56,"dmin":0.1,"rms":0.2,"gap":66,"magType":"ml","type":"earthquake","title":"M 3.2 - 56 km S of Whites City, New Mexico"},"geometry":{"type":"Point","coordinates":[-104.362,31.668,7.1765]},"id":"tx2026sngzur"},
{"type":"Feature","properties":{"mag":5.3,"place":"108 km ESE of Yigo Village, Guam","time":1789875804649,"updated":1790049211344,"tz":null,"url":"https://earthquake.usgs.gov/earthquakes/eventpage/us7000tinl","detail":"https://earthquake.usgs.gov/earthquakes/feed/v1.0/detail/us7000tinl.geojson","felt":null,"cdi":null,"mmi":null,"alert":null,"status":"reviewed","tsunami":0,"sig":432,"net":"us","code":"7000tinl","ids":",us7000tinl,","sources":",us,","types":",event-sequence,oaf,origin,phase-data,","nst":50,"dmin":2.164,"rms":0.67,"gap":107,"magType":"mb","type":"earthquake","title":"M 5.3 - 108 km ESE of Yigo Village, Guam"},"geometry":{"type":"Point","coordinates":[145.7591,13.0568,10]},"id":"us7000tinl"},
{"type":"Feature","properties":{"mag":2.6,"place":"55 km W of Anchor Point, Alaska","time":1789874728282,"updated":1789875504040,"tz":null,"url":"https://earthquake.usgs.gov/earthquakes/eventpage/aka2026sqeovj","detail":"https://earthquake.usgs.gov/earthquakes/feed/v1.0/detail/aka2026sqeovj.geojson","felt":null,"cdi":null,"mmi":null,"alert":null,"status":"automatic","tsunami":0,"sig":104,"net":"ak","code":"a2026sqeovj","ids":",us7000tinh,aka2026sqeovj,","sources":",us,ak,","types":",origin,phase-data,","nst":105,"dmin":0.2,"rms":0.7,"gap":66,"magType":"ml","type":"earthquake","title":"M 2.6 - 55 km W of Anchor Point, Alaska"},"geometry":{"type":"Point","coordinates":[-152.802,59.713,98.9]},"id":"aka2026sqeovj"},
{"type":"Feature","properties":{"mag":4.5,"place":"54 km ENE of Sainte-Marie, Martinique","time":1789872261022,"updated":1789909682024,"tz":null,"url":"https://earthquake.usgs.gov/earthquakes/eventpage/us7000tinf","detail":"https://earthquake.usgs.gov/earthquakes/feed/v1.0/detail/us7000tinf.geojson","felt":3,"cdi":2.7,"mmi":null,"alert":null,"status":"reviewed","tsunami":0,"sig":312,"net":"us","code":"7000tinf","ids":",us7000tinf,","sources":",us,","types":",dyfi,moment-tensor,origin,phase-data,","nst":61,"dmin":1.143,"rms":1.24,"gap":108,"magType":"mwr","type":"earthquake","title":"M 4.5 - 54 km ENE of Sainte-Marie, Martinique"},"geometry":{"type":"Point","coordinates":[-60.5578,15.0395,46.424]},"id":"us7000tinf"},
{"type":"Feature","properties":{"mag":2.95,"place":"58 km N of Culebra, Puerto Rico","time":1789872143580,"updated":1789878074020,"tz":null,"url":"https://earthquake.usgs.gov/earthquakes/eventpage/pr71533373","detail":"https://earthquake.usgs.gov/earthquakes/feed/v1.0/detail/pr71533373.geojson","felt":null,"cdi":null,"mmi":null,"alert":null,"status":"reviewed","tsunami":0,"sig":134,"net":"pr","code":"71533373","ids":",pr71533373,","sources":",pr,","types":",origin,phase-data,","nst":4,"dmin":0.5214,"rms":0.25,"gap":291,"magType":"md","type":"earthquake","title":"M 3.0 - 58 km N of Culebra, Puerto Rico"},"geometry":{"type":"Point","coordinates":[-65.2783333333333,18.8316666666667,19.95]},"id":"pr71533373"},
{"type":"Feature","properties":{"mag":3.12,"place":"75 km N of Brenas, Puerto Rico","time":1789871518550,"updated":1789874843940,"tz":null,"url":"https://earthquake.usgs.gov/earthquakes/eventpage/pr71533328","detail":"https://earthquake.usgs.gov/earthquakes/feed/v1.0/detail/pr71533328.geojson","felt":null,"cdi":null,"mmi":null,"alert":null,"status":"reviewed","tsunami":0,"sig":150,"net":"pr","code":"71533328","ids":",pr71533328,","sources":",pr,","types":",origin,phase-data,","nst":13,"dmin":0.8303,"rms":0.3,"gap":266,"magType":"md","type":"earthquake","title":"M 3.1 - 75 km N of Brenas, Puerto Rico"},"geometry":{"type":"Point","coordinates":[-66.2716666666667,19.149,10.5]},"id":"pr71533328"},
{"type":"Feature","properties":{"mag":2.6,"place":"33 km NW of Nanwalek, Alaska","time":1789869485292,"updated":1789870051040,"tz":null,"url":"https://earthquake.usgs.gov/earthquakes/eventpage/aka2026sqbrhg","detail":"https://earthquake.usgs.gov/earthquakes/feed/v1.0/detail/aka2026sqbrhg.geojson","felt":null,"cdi":null,"mmi":null,"alert":null,"status":"automatic","tsunami":0,"sig":104,"net":"ak","code":"a2026sqbrhg","ids":",us7000tin6,aka2026sqbrhg,","sources":",us,ak,","types":",origin,phase-data,","nst":78,"dmin":0.4,"rms":0.7,"gap":88,"magType":"ml","type":"earthquake","title":"M 2.6 - 33 km NW of Nanwalek, Alaska"},"geometry":{"type":"Point","coordinates":[-152.368,59.556,68.1]},"id":"aka2026sqbrhg"},
{"type":"Feature","properties":{"mag":2.6,"place":"90 km N of Karluk, Alaska","time":1789866750465,"updated":1789931059230,"tz":null,"url":"https://earthquake.usgs.gov/earthquakes/eventpage/aka2026sqadtu","detail":"https://earthquake.usgs.gov/earthquakes/feed/v1.0/detail/aka2026sqadtu.geojson","felt":null,"cdi":null,"mmi":null,"alert":null,"status":"automatic","tsunami":0,"sig":104,"net":"ak","code":"a2026sqadtu","ids":",av94439601,us7000timz,aka2026sqadtu,","sources":",av,us,ak,","types":",origin,phase-data,","nst":52,"dmin":0.1,"rms":0.7,"gap":76,"magType":"ml","type":"earthquake","title":"M 2.6 - 90 km N of Karluk, Alaska"},"geometry":{"type":"Point","coordinates":[-154.484,58.382,5]},"id":"aka2026sqadtu"},
{"type":"Feature","properties":{"mag":5.3,"place":"Reykjanes Ridge","time":1789865894425,"updated":1789866820040,"tz":null,"url":"https://earthquake.usgs.gov/earthquakes/eventpage/us7000timy","detail":"https://earthquake.usgs.gov/earthquakes/feed/v1.0/detail/us7000timy.geojson","felt":null,"cdi":null,"mmi":null,"alert":null,"status":"reviewed","tsunami":0,"sig":432,"net":"us","code":"7000timy","ids":",us7000timy,","sources":",us,","types":",moment-tensor,origin,phase-data,","nst":77,"dmin":8.549,"rms":1.25,"gap":66,"magType":"mww","type":"earthquake","title":"M 5.3 - Reykjanes Ridge"},"geometry":{"type":"Point","coordinates":[-33.5459,57.1211,10]},"id":"us7000timy"},
{"type":"Feature","properties":{"mag":4.9,"place":"85 km W of Hihifo, Tonga","time":1789864401417,"updated":1789866327040,"tz":null,"url":"https://earthquake.usgs.gov/earthquakes/eventpage/us7000timw","detail":"https://earthquake.usgs.gov/earthquakes/feed/v1.0/detail/us7000timw.geojson","felt":null,"cdi":null,"mmi":null,"alert":null,"status":"reviewed","tsunami":0,"sig":369,"net":"us","code":"7000timw","ids":",us7000timw,","sources":",us,","types":",origin,phase-data,","nst":21,"dmin":3.4,"rms":1.27,"gap":68,"magType":"mb","type":"earthquake","title":"M 4.9 - 85 km W of Hihifo, Tonga"},"geometry":{"type":"Point","coordinates":[-174.5971,-15.9606,10]},"id":"us7000timw"},
{"type":"Feature","properties":{"mag":2.52,"place":"3 km WSW of Fuig, Puerto Rico","time":1789863232310,"updated":1789864205150,"tz":null,"url":"https://earthquake.usgs.gov/earthquakes/eventpage/pr71533288","detail":"https://earthquake.usgs.gov/earthquakes/feed/v1.0/detail/pr71533288.geojson","felt":null,"cdi":null,"mmi":null,"alert":null,"status":"reviewed","tsunami":0,"sig":98,"net":"pr","code":"71533288","ids":",pr71533288,","sources":",pr,","types":",origin,phase-data,","nst":13,"dmin":0.03924,"rms":0.24,"gap":176,"magType":"md","type":"earthquake","title":"M 2.5 - 3 km WSW of Fuig, Puerto Rico"},"geometry":{"type":"Point","coordinates":[-66.9498333333333,17.9738333333333,6.91]},"id":"pr71533288"},
{"type":"Feature","properties":{"mag":4.2,"place":"116 km NNE of Lospalos, Timor Leste","time":1789862046577,"updated":1789871929040,"tz":null,"url":"https://earthquake.usgs.gov/earthquakes/eventpage/us7000timl","detail":"https://earthquake.usgs.gov/earthquakes/feed/v1.0/detail/us7000timl.geojson","felt":null,"cdi":null,"mmi":null,"alert":null,"status":"reviewed","tsunami":0,"sig":271,"net":"us","code":"7000timl","ids":",us7000timl,","sources":",us,","types":",origin,phase-data,","nst":30,"dmin":6.309,"rms":0.88,"gap":117,"magType":"mb","type":"earthquake","title":"M 4.2 - 116 km NNE of Lospalos, Timor Leste"},"geometry":{"type":"Point","coordinates":[127.5122,-7.6037,152.595]},"id":"us7000timl"},
{"type":"Feature","properties":{"mag":4.2,"place":"24 km S of Sipí, Colombia","time":1789860015368,"updated":1789873363040,"tz":null,"url":"https://earthquake.usgs.gov/earthquakes/eventpage/us7000timg","detail":"https://earthquake.usgs.gov/earthquakes/feed/v1.0/detail/us7000timg.geojson","felt":null,"cdi":null,"mmi":null,"alert":null,"status":"reviewed","tsunami":0,"sig":271,"net":"us","code":"7000timg","ids":",us7000timg,","sources":",us,","types":",origin,phase-data,","nst":21,"dmin":2.058,"rms":1.25,"gap":94,"magType":"mb","type":"earthquake","title":"M 4.2 - 24 km S of Sipí, Colombia"},"geometry":{"type":"Point","coordinates":[-76.628,4.436,80.206]},"id":"us7000timg"},
{"type":"Feature","properties":{"mag":2.8,"place":"14 km SSW of Smiley, Texas","time":1789858574111,"updated":1790000139416,"tz":null,"url":"https://earthquake.usgs.gov/earthquakes/eventpage/tx2026smwdrk","detail":"https://earthquake.usgs.gov/earthquakes/feed/v1.0/detail/tx2026smwdrk.geojson","felt":2,"cdi":2.7,"mmi":null,"alert":null,"status":"reviewed","tsunami":0,"sig":121,"net":"tx","code":"2026smwdrk","ids":",tx2026smwdrk,us7000tim8,","sources":",tx,us,","types":",dyfi,origin,phase-data,","nst":31,"dmin":0,"rms":0.3,"gap":73,"magType":"ml","type":"earthquake","title":"M 2.8 - 14 km SSW of Smiley, Texas"},"geometry":{"type":"Point","coordinates":[-97.679,29.141,9.0837]},"id":"tx2026smwdrk"},
{"type":"Feature","properties":{"mag":4.3,"place":"3 km SSW of General Mosconi, Argentina","time":1789858416658,"updated":1789874196040,"tz":null,"url":"https://earthquake.usgs.gov/earthquakes/eventpage/us7000tim6","detail":"https://earthquake.usgs.gov/earthquakes/feed/v1.0/detail/us7000tim6.geojson","felt":null,"cdi":null,"mmi":null,"alert":null,"status":"reviewed","tsunami":0,"sig":284,"net":"us","code":"7000tim6","ids":",us7000tim6,","sources":",us,","types":",origin,phase-data,","nst":29,"dmin":4.027,"rms":0.8,"gap":106,"magType":"mb","type":"earthquake","title":"M 4.3 - 3 km SSW of General Mosconi, Argentina"},"geometry":{"type":"Point","coordinates":[-63.8289,-22.6253,535.629]},"id":"us7000tim6"},
{"type":"Feature","properties":{"mag":2.62,"place":"4 km SW of Guánica, Puerto Rico","time":1789858004600,"updated":1789860421990,"tz":null,"url":"https://earthquake.usgs.gov/earthquakes/eventpage/pr71533218","detail":"https://earthquake.usgs.gov/earthquakes/feed/v1.0/detail/pr71533218.geojson","felt":null,"cdi":null,"mmi":null,"alert":null,"status":"reviewed","tsunami":0,"sig":106,"net":"pr","code":"71533218","ids":",pr71533218,","sources":",pr,","types":",origin,phase-data,","nst":11,"dmin":0.04294,"rms":0.08,"gap":189,"magType":"md","type":"earthquake","title":"M 2.6 - 4 km SW of Guánica, Puerto Rico"},"geometry":{"type":"Point","coordinates":[-66.94,17.9411666666667,9.49]},"id":"pr71533218"},
{"type":"Feature","properties":{"mag":3.3,"place":"110 km N of Suárez, Puerto Rico","time":1789856117580,"updated":1789857385240,"tz":null,"url":"https://earthquake.usgs.gov/earthquakes/eventpage/pr71533203","detail":"https://earthquake.usgs.gov/earthquakes/feed/v1.0/detail/pr71533203.geojson","felt":null,"cdi":null,"mmi":null,"alert":null,"status":"reviewed","tsunami":0,"sig":168,"net":"pr","code":"71533203","ids":",pr71533203,","sources":",pr,","types":",origin,phase-data,","nst":9,"dmin":1.142,"rms":0.18,"gap":264,"magType":"md","type":"earthquake","title":"M 3.3 - 110 km N of Suárez, Puerto Rico"},"geometry":{"type":"Point","coordinates":[-65.81,19.4268333333333,20.96]},"id":"pr71533203"},
{"type":"Feature","properties":{"mag":2.6,"place":"41 km W of Ninilchik, Alaska","time":1789854943272,"updated":1789874801040,"tz":null,"url":"https://earthquake.usgs.gov/earthquakes/eventpage/aka2026sptokh","detail":"https://earthquake.usgs.gov/earthquakes/feed/v1.0/detail/aka2026sptokh.geojson","felt":1,"cdi":1,"mmi":null,"alert":null,"status":"automatic","tsunami":0,"sig":104,"net":"ak","code":"a2026sptokh","ids":",aka2026sptokh,us7000tilv,","sources":",ak,us,","types":",dyfi,origin,phase-data,","nst":108,"dmin":0.1,"rms":0.7,"gap":45,"magType":"ml","type":"earthquake","title":"M 2.6 - 41 km W of Ninilchik, Alaska"},"geometry":{"type":"Point","coordinates":[-152.409,60.116,94.7]},"id":"aka2026sptokh"},
{"type":"Feature","properties":{"mag":4.2,"place":"249 km N of Likisá, Timor Leste","time":1789854290193,"updated":1789876017040,"tz":null,"url":"https://earthquake.usgs.gov/earthquakes/eventpage/us7000tilu","detail":"https://earthquake.usgs.gov/earthquakes/feed/v1.0/detail/us7000tilu.geojson","felt":null,"cdi":null,"mmi":null,"alert":null,"status":"reviewed","tsunami":0,"sig":271,"net":"us","code":"7000tilu","ids":",us7000tilu,","sources":",us,","types":",origin,phase-data,","nst":21,"dmin":8.88,"rms":0.48,"gap":113,"magType":"mb","type":"earthquake","title":"M 4.2 - 249 km N of Likisá, Timor Leste"},"geometry":{"type":"Point","coordinates":[124.9227,-6.3682,542.142]},"id":"us7000tilu"},
{"type":"Feature","properties":{"mag":4.3,"place":"37 km N of Malfa, Italy","time":1789851332082,"updated":1789852158040,"tz":null,"url":"https://earthquake.usgs.gov/earthquakes/eventpage/us7000till","detail":"https://earthquake.usgs.gov/earthquakes/feed/v1.0/detail/us7000till.geojson","felt":null,"cdi":null,"mmi":null,"alert":null,"status":"reviewed","tsunami":0,"sig":284,"net":"us","code":"7000till","ids":",us7000till,","sources":",us,","types":",origin,phase-data,","nst":47,"dmin":1.302,"rms":0.97,"gap":192,"magType":"mb","type":"earthquake","title":"M 4.3 - 37 km N of Malfa, Italy"},"geometry":{"type":"Point","coordinates":[14.8718,38.9139,272.133]},"id":"us7000till"},
{"type":"Feature","properties":{"mag":5.2,"place":"Reykjanes Ridge","time":1789849482449,"updated":1789850596040,"tz":null,"url":"https://earthquake.usgs.gov/earthquakes/eventpage/us7000tild","detail":"https://earthquake.usgs.gov/earthquakes/feed/v1.0/detail/us7000tild.geojson","felt":null,"cdi":null,"mmi":null,"alert":null,"status":"reviewed","tsunami":0,"sig":416,"net":"us","code":"7000tild","ids":",us7000tild,","sources":",us,","types":",moment-tensor,origin,phase-data,","nst":94,"dmin":7.377,"rms":0.66,"gap":50,"magType":"mww","type":"earthquake","title":"M 5.2 - Reykjanes Ridge"},"geometry":{"type":"Point","coordinates":[-33.4247,57.1175,10]},"id":"us7000tild"},
{"type":"Feature","properties":{"mag":2.5,"place":"69 km SSW of Kaktovik, Alaska","time":1789849242592,"updated":1789849479238,"tz":null,"url":"https://earthquake.usgs.gov/earthquakes/eventpage/aka2026spqkpb","detail":"https://earthquake.usgs.gov/earthquakes/feed/v1.0/detail/aka2026spqkpb.geojson","felt":null,"cdi":null,"mmi":null,"alert":null,"status":"automatic","tsunami":0,"sig":96,"net":"ak","code":"a2026spqkpb","ids":",aka2026spqkpb,","sources":",ak,","types":",origin,phase-data,","nst":34,"dmin":0.2,"rms":0.8,"gap":97,"magType":"ml","type":"earthquake","title":"M 2.5 - 69 km SSW of Kaktovik, Alaska"},"geometry":{"type":"Point","coordinates":[-144.211,69.544,2.6]},"id":"aka2026spqkpb"},
{"type":"Feature","properties":{"mag":3.06,"place":"12 km SE of Emajagua, Puerto Rico","time":1789847789150,"updated":1789850843930,"tz":null,"url":"https://earthquake.usgs.gov/earthquakes/eventpage/pr71533158","detail":"https://earthquake.usgs.gov/earthquakes/feed/v1.0/detail/pr71533158.geojson","felt":null,"cdi":null,"mmi":null,"alert":null,"status":"reviewed","tsunami":0,"sig":144,"net":"pr","code":"71533158","ids":",pr71533158,","sources":",pr,","types":",origin,phase-data,","nst":14,"dmin":0.2382,"rms":0.21,"gap":213,"magType":"md","type":"earthquake","title":"M 3.1 - 12 km SE of Emajagua, Puerto Rico"},"geometry":{"type":"Point","coordinates":[-65.7921666666667,17.9238333333333,14.7]},"id":"pr71533158"},
{"type":"Feature","properties":{"mag":2.71,"place":"22 km SSW of Manton, CA","time":1789847571470,"updated":1789851141185,"tz":null,"url":"https://earthquake.usgs.gov/earthquakes/eventpage/nc75438552","detail":"https://earthquake.usgs.gov/earthquakes/feed/v1.0/detail/nc75438552.geojson","felt":null,"cdi":null,"mmi":null,"alert":null,"status":"automatic","tsunami":0,"sig":113,"net":"nc","code":"75438552","ids":",nc75438552,","sources":",nc,","types":",focal-mechanism,nearby-cities,origin,phase-data,scitech-link,","nst":27,"dmin":0.1137,"rms":0.2,"gap":42,"magType":"md","type":"earthquake","title":"M 2.7 - 22 km SSW of Manton, CA"},"geometry":{"type":"Point","coordinates":[-121.982330322266,40.2383346557617,16.4200000762939]},"id":"nc75438552"},
{"type":"Feature","properties":{"mag":2.52,"place":"11 km N of Quebradillas, Puerto Rico","time":1789838317940,"updated":1789839990610,"tz":null,"url":"https://earthquake.usgs.gov/earthquakes/eventpage/pr71533073","detail":"https://earthquake.usgs.gov/earthquakes/feed/v1.0/detail/pr71533073.geojson","felt":null,"cdi":null,"mmi":null,"alert":null,"status":"reviewed","tsunami":0,"sig":98,"net":"pr","code":"71533073","ids":",pr71533073,","sources":",pr,","types":",origin,phase-data,","nst":8,"dmin":0.2,"rms":0.14,"gap":265,"magType":"md","type":"earthquake","title":"M 2.5 - 11 km N of Quebradillas, Puerto Rico"},"geometry":{"type":"Point","coordinates":[-66.934,18.5763333333333,16.68]},"id":"pr71533073"},
{"type":"Feature","properties":{"mag":2.84,"place":"2 km SW of Fuig, Puerto Rico","time":1789835479480,"updated":1789836801350,"tz":null,"url":"https://earthquake.usgs.gov/earthquakes/eventpage/pr71533043","detail":"https://earthquake.usgs.gov/earthquakes/feed/v1.0/detail/pr71533043.geojson","felt":null,"cdi":null,"mmi":null,"alert":null,"status":"reviewed","tsunami":0,"sig":124,"net":"pr","code":"71533043","ids":",pr71533043,","sources":",pr,","types":",origin,phase-data,","nst":27,"dmin":0.01891,"rms":0.23,"gap":167,"magType":"md","type":"earthquake","title":"M 2.8 - 2 km SW of Fuig, Puerto Rico"},"geometry":{"type":"Point","coordinates":[-66.9285,17.973,8.02]},"id":"pr71533043"},
{"type":"Feature","properties":{"mag":2.6,"place":"11 km E of Ninilchik, Alaska","time":1789833346538,"updated":1789836734242,"tz":null,"url":"https://earthquake.usgs.gov/earthquakes/eventpage/aka2026sphpae","detail":"https://earthquake.usgs.gov/earthquakes/feed/v1.0/detail/aka2026sphpae.geojson","felt":1,"cdi":1,"mmi":null,"alert":null,"status":"automatic","tsunami":0,"sig":104,"net":"ak","code":"a2026sphpae","ids":",aka2026sphpae,","sources":",ak,","types":",dyfi,origin,phase-data,","nst":96,"dmin":0.4,"rms":0.5,"gap":43,"magType":"ml","type":"earthquake","title":"M 2.6 - 11 km E of Ninilchik, Alaska"},"geometry":{"type":"Point","coordinates":[-151.465,60.033,83.9]},"id":"aka2026sphpae"},
{"type":"Feature","properties":{"mag":4.5,"place":"75 km SE of Kuqa, China","time":1789833234494,"updated":1789846106040,"tz":null,"url":"https://earthquake.usgs.gov/earthquakes/eventpage/us7000tikb","detail":"https://earthquake.usgs.gov/earthquakes/feed/v1.0/detail/us7000tikb.geojson","felt":null,"cdi":null,"mmi":null,"alert":null,"status":"reviewed","tsunami":0,"sig":312,"net":"us","code":"7000tikb","ids":",us7000tikb,","sources":",us,","types":",origin,phase-data,","nst":25,"dmin":3.673,"rms":1.04,"gap":104,"magType":"mb","type":"earthquake","title":"M 4.5 - 75 km SE of Kuqa, China"},"geometry":{"type":"Point","coordinates":[83.518,41.1968,10]},"id":"us7000tikb"},
{"type":"Feature","properties":{"mag":2.46,"place":"4 km S of Pāhala, Hawaii","time":1789831496820,"updated":1789845251040,"tz":null,"url":"https://earthquake.usgs.gov/earthquakes/eventpage/hv75040197","detail":"https://earthquake.usgs.gov/earthquakes/feed/v1.0/detail/hv75040197.geojson","felt":null,"cdi":null,"mmi":null,"alert":null,"status":"automatic","tsunami":0,"sig":93,"net":"hv","code":"75040197","ids":",us7000tik7,hv75040197,","sources":",us,hv,","types":",origin,phase-data,","nst":49,"dmin":0.02012,"rms":0.230000004,"gap":127,"magType":"ml","type":"earthquake","title":"M 2.5 - 4 km S of Pāhala, Hawaii"},"geometry":{"type":"Point","coordinates":[-155.483169555664,19.158332824707,11.6199998855591]},"id":"hv75040197"},
{"type":"Feature","properties":{"mag":5.1,"place":"67 km NE of Ruteng, Indonesia","time":1789826160869,"updated":1789844064040,"tz":null,"url":"https://earthquake.usgs.gov/earthquakes/eventpage/us7000tiju","detail":"https://earthquake.usgs.gov/earthquakes/feed/v1.0/detail/us7000tiju.geojson","felt":null,"cdi":null,"mmi":null,"alert":null,"status":"reviewed","tsunami":0,"sig":400,"net":"us","code":"7000tiju","ids":",us7000tiju,","sources":",us,","types":",origin,phase-data,","nst":96,"dmin":3.141,"rms":0.96,"gap":55,"magType":"mb","type":"earthquake","title":"M 5.1 - 67 km NE of Ruteng, Indonesia"},"geometry":{"type":"Point","coordinates":[120.8819,-8.1668,10]},"id":"us7000tiju"},
{"type":"Feature","properties":{"mag":4.8,"place":"29 km WSW of Sipí, Colombia","time":1789825475732,"updated":1789841726434,"tz":null,"url":"https://earthquake.usgs.gov/earthquakes/eventpage/us7000tijs","detail":"https://earthquake.usgs.gov/earthquakes/feed/v1.0/detail/us7000tijs.geojson","felt":1,"cdi":2,"mmi":null,"alert":null,"status":"reviewed","tsunami":0,"sig":355,"net":"us","code":"7000tijs","ids":",us7000tijs,","sources":",us,","types":",dyfi,origin,phase-data,","nst":172,"dmin":2.134,"rms":0.93,"gap":92,"magType":"mb","type":"earthquake","title":"M 4.8 - 29 km WSW of Sipí, Colombia"},"geometry":{"type":"Point","coordinates":[-76.8729,4.5179,58.204]},"id":"us7000tijs"},
{"type":"Feature","properties":{"mag":4.4,"place":"34 km NW of Coquimbo, Chile","time":1789824303351,"updated":1789832688040,"tz":null,"url":"https://earthquake.usgs.gov/earthquakes/eventpage/us7000tijq","detail":"https://earthquake.usgs.gov/earthquakes/feed/v1.0/detail/us7000tijq.geojson","felt":null,"cdi":null,"mmi":null,"alert":null,"status":"reviewed","tsunami":0,"sig":298,"net":"us","code":"7000tijq","ids":",us7000tijq,","sources":",us,","types":",origin,phase-data,","nst":92,"dmin":0.352,"rms":0.72,"gap":98,"magType":"mb","type":"earthquake","title":"M 4.4 - 34 km NW of Coquimbo, Chile"},"geometry":{"type":"Point","coordinates":[-71.5754,-29.7229,39.048]},"id":"us7000tijq"},
{"type":"Feature","properties":{"mag":4,"place":"85 km SSW of Nikolski, Alaska","time":1789821843347,"updated":1789880007040,"tz":null,"url":"https://earthquake.usgs.gov/earthquakes/eventpage/us7000tikp","detail":"https://earthquake.usgs.gov/earthquakes/feed/v1.0/detail/us7000tikp.geojson","felt":null,"cdi":null,"mmi":2.124,"alert":null,"status":"reviewed","tsunami":0,"sig":246,"net":"us","code":"7000tikp","ids":",aka2026spbesg,us7000tikp,","sources":",ak,us,","types":",origin,phase-data,shakemap,","nst":41,"dmin":0.566,"rms":0.63,"gap":137,"magType":"mb","type":"earthquake","title":"M 4.0 - 85 km SSW of Nikolski, Alaska"},"geometry":{"type":"Point","coordinates":[-169.4274,52.2509,40.507]},"id":"us7000tikp"},
{"type":"Feature","properties":{"mag":4.5,"place":"273 km NNW of Dêqên, China","time":1789820395048,"updated":1789821550040,"tz":null,"url":"https://earthquake.usgs.gov/earthquakes/eventpage/us7000tijf","detail":"https://earthquake.usgs.gov/earthquakes/feed/v1.0/detail/us7000tijf.geojson","felt":null,"cdi":null,"mmi":null,"alert":null,"status":"reviewed","tsunami":0,"sig":312,"net":"us","code":"7000tijf","ids":",us7000tijf,","sources":",us,","types":",origin,phase-data,","nst":46,"dmin":12.614,"rms":0.91,"gap":133,"magType":"mb","type":"earthquake","title":"M 4.5 - 273 km NNW of Dêqên, China"},"geometry":{"type":"Point","coordinates":[89.2243,32.0711,10]},"id":"us7000tijf"},
{"type":"Feature","properties":{"mag":4.6,"place":"25 km NW of Ushibukamachi, Japan","time":1789819632020,"updated":1789829113470,"tz":null,"url":"https://earthquake.usgs.gov/earthquakes/eventpage/us7000tijd","detail":"https://earthquake.usgs.gov/earthquakes/feed/v1.0/detail/us7000tijd.geojson","felt":2,"cdi":3.1,"mmi":null,"alert":null,"status":"reviewed","tsunami":0,"sig":326,"net":"us","code":"7000tijd","ids":",us7000tijd,","sources":",us,","types":",dyfi,origin,phase-data,","nst":24,"dmin":1.005,"rms":1.02,"gap":82,"magType":"mb","type":"earthquake","title":"M 4.6 - 25 km NW of Ushibukamachi, Japan"},"geometry":{"type":"Point","coordinates":[129.8568,32.3799,10]},"id":"us7000tijd"},
{"type":"Feature","properties":{"mag":2.5,"place":"10 km ENE of Milpitas, CA","time":1789815125170,"updated":1789851482998,"tz":null,"url":"https://earthquake.usgs.gov/earthquakes/eventpage/nc75438287","detail":"https://earthquake.usgs.gov/earthquakes/feed/v1.0/detail/nc75438287.geojson","felt":9,"cdi":2.9,"mmi":null,"alert":null,"status":"automatic","tsunami":0,"sig":99,"net":"nc","code":"75438287","ids":",nc75438287,","sources":",nc,","types":",dyfi,focal-mechanism,nearby-cities,origin,phase-data,scitech-link,","nst":69,"dmin":0.01633,"rms":0.09,"gap":36,"magType":"md","type":"earthquake","title":"M 2.5 - 10 km ENE of Milpitas, CA"},"geometry":{"type":"Point","coordinates":[-121.801834106445,37.466667175293,2.67000007629395]},"id":"nc75438287"},
{"type":"Feature","properties":{"mag":4.8,"place":"18 km SW of Mongar, Bhutan","time":1789813877071,"updated":1789843804536,"tz":null,"url":"https://earthquake.usgs.gov/earthquakes/eventpage/us7000tiiz","detail":"https://earthquake.usgs.gov/earthquakes/feed/v1.0/detail/us7000tiiz.geojson","felt":13,"cdi":3.8,"mmi":null,"alert":null,"status":"reviewed","tsunami":0,"sig":359,"net":"us","code":"7000tiiz","ids":",us7000tiiz,","sources":",us,","types":",dyfi,origin,phase-data,","nst":58,"dmin":10.038,"rms":0.61,"gap":94,"magType":"mb","type":"earthquake","title":"M 4.8 - 18 km SW of Mongar, Bhutan"},"geometry":{"type":"Point","coordinates":[91.1016,27.1636,10]},"id":"us7000tiiz"},
{"type":"Feature","properties":{"mag":5,"place":"South Sandwich Islands region","time":1789811999264,"updated":1789812913040,"tz":null,"url":"https://earthquake.usgs.gov/earthquakes/eventpage/us7000tiis","detail":"https://earthquake.usgs.gov/earthquakes/feed/v1.0/detail/us7000tiis.geojson","felt":null,"cdi":null,"mmi":null,"alert":null,"status":"reviewed","tsunami":0,"sig":385,"net":"us","code":"7000tiis","ids":",us7000tiis,","sources":",us,","types":",origin,phase-data,","nst":48,"dmin":5.011,"rms":0.77,"gap":74,"magType":"mb","type":"earthquake","title":"M 5.0 - South Sandwich Islands region"},"geometry":{"type":"Point","coordinates":[-28.1116,-55.6255,77.621]},"id":"us7000tiis"},
{"type":"Feature","properties":{"mag":4.4,"place":"4 km NE of Límni, Greece","time":1789811762046,"updated":1789819135040,"tz":null,"url":"https://earthquake.usgs.gov/earthquakes/eventpage/us7000tiir","detail":"https://earthquake.usgs.gov/earthquakes/feed/v1.0/detail/us7000tiir.geojson","felt":null,"cdi":null,"mmi":null,"alert":null,"status":"reviewed","tsunami":0,"sig":298,"net":"us","code":"7000tiir","ids":",us7000tiir,","sources":",us,","types":",origin,phase-data,","nst":22,"dmin":0.829,"rms":0.58,"gap":52,"magType":"mb","type":"earthquake","title":"M 4.4 - 4 km NE of Límni, Greece"},"geometry":{"type":"Point","coordinates":[23.3566,38.7884,10]},"id":"us7000tiir"},
{"type":"Feature","properties":{"mag":4.8,"place":"268 km NNW of Kuril’sk, Russia","time":1789810444394,"updated":1789811201040,"tz":null,"url":"https://earthquake.usgs.gov/earthquakes/eventpage/us7000tiim","detail":"https://earthquake.usgs.gov/earthquakes/feed/v1.0/detail/us7000tiim.geojson","felt":null,"cdi":null,"mmi":null,"alert":null,"status":"reviewed","tsunami":0,"sig":354,"net":"us","code":"7000tiim","ids":",us7000tiim,","sources":",us,","types":",origin,phase-data,","nst":69,"dmin":2.497,"rms":0.74,"gap":125,"magType":"mb","type":"earthquake","title":"M 4.8 - 268 km NNW of Kuril’sk, Russia"},"geometry":{"type":"Point","coordinates":[146.3637,47.4016,394.117]},"id":"us7000tiim"},
{"type":"Feature","properties":{"mag":4,"place":"166 km SW of Nikolski, Alaska","time":1789807670579,"updated":1789839430663,"tz":null,"url":"https://earthquake.usgs.gov/earthquakes/eventpage/aka2026sotica","detail":"https://earthquake.usgs.gov/earthquakes/feed/v1.0/detail/aka2026sotica.geojson","felt":null,"cdi":null,"mmi":2.726,"alert":null,"status":"reviewed","tsunami":0,"sig":246,"net":"ak","code":"a2026sotica","ids":",aka2026sotica,","sources":",ak,","types":",origin,phase-data,shakemap,","nst":45,"dmin":0.9,"rms":0.6,"gap":212,"magType":"ml","type":"earthquake","title":"M 4.0 - 166 km SW of Nikolski, Alaska"},"geometry":{"type":"Point","coordinates":[-170.792,52.014,12.9]},"id":"aka2026sotica"},
{"type":"Feature","properties":{"mag":4.8,"place":"152 km S of Lata, Solomon Islands","time":1789807664610,"updated":1789906216040,"tz":null,"url":"https://earthquake.usgs.gov/earthquakes/eventpage/us7000tir7","detail":"https://earthquake.usgs.gov/earthquakes/feed/v1.0/detail/us7000tir7.geojson","felt":null,"cdi":null,"mmi":null,"alert":null,"status":"reviewed","tsunami":0,"sig":354,"net":"us","code":"7000tir7","ids":",us7000tir7,","sources":",us,","types":",origin,phase-data,","nst":39,"dmin":8.57,"rms":1.33,"gap":151,"magType":"mb","type":"earthquake","title":"M 4.8 - 152 km S of Lata, Solomon Islands"},"geometry":{"type":"Point","coordinates":[165.9791,-12.0883,10]},"id":"us7000tir7"},
{"type":"Feature","properties":{"mag":3.41,"place":"142 km N of Hatillo, Puerto Rico","time":1789804462700,"updated":1789812708970,"tz":null,"url":"https://earthquake.usgs.gov/earthquakes/eventpage/pr71532943","detail":"https://earthquake.usgs.gov/earthquakes/feed/v1.0/detail/pr71532943.geojson","felt":null,"cdi":null,"mmi":null,"alert":null,"status":"reviewed","tsunami":0,"sig":179,"net":"pr","code":"71532943","ids":",pr71532943,","sources":",pr,","types":",origin,phase-data,","nst":11,"dmin":1.343,"rms":0.2,"gap":326,"magType":"md","type":"earthquake","title":"M 3.4 - 142 km N of Hatillo, Puerto Rico"},"geometry":{"type":"Point","coordinates":[-66.7496666666667,19.7728333333333,33.14]},"id":"pr71532943"},
{"type":"Feature","properties":{"mag":4.8,"place":"210 km W of Abepura, Indonesia","time":1789803865478,"updated":1789804979040,"tz":null,"url":"https://earthquake.usgs.gov/earthquakes/eventpage/us7000tiib","detail":"https://earthquake.usgs.gov/earthquakes/feed/v1.0/detail/us7000tiib.geojson","felt":null,"cdi":null,"mmi":null,"alert":null,"status":"reviewed","tsunami":0,"sig":354,"net":"us","code":"7000tiib","ids":",us7000tiib,","sources":",us,","types":",origin,phase-data,","nst":57,"dmin":1.965,"rms":0.49,"gap":71,"magType":"mb","type":"earthquake","title":"M 4.8 - 210 km W of Abepura, Indonesia"},"geometry":{"type":"Point","coordinates":[138.7377,-2.5871,10]},"id":"us7000tiib"},
{"type":"Feature","properties":{"mag":4.9,"place":"117 km NW of Barranca, Peru","time":1789801947058,"updated":1789802952040,"tz":null,"url":"https://earthquake.usgs.gov/earthquakes/eventpage/us7000tii3","detail":"https://earthquake.usgs.gov/earthquakes/feed/v1.0/detail/us7000tii3.geojson","felt":null,"cdi":null,"mmi":null,"alert":null,"status":"reviewed","tsunami":0,"sig":369,"net":"us","code":"7000tii3","ids":",us7000tii3,","sources":",us,","types":",origin,phase-data,","nst":65,"dmin":2.448,"rms":0.78,"gap":103,"magType":"mww","type":"earthquake","title":"M 4.9 - 117 km NW of Barranca, Peru"},"geometry":{"type":"Point","coordinates":[-77.349,-4.0134,10]},"id":"us7000tii3"},
{"type":"Feature","properties":{"mag":4.6,"place":"57 km ESE of Koseda, Japan","time":1789801703856,"updated":1789803460040,"tz":null,"url":"https://earthquake.usgs.gov/earthquakes/eventpage/us7000tii4","detail":"https://earthquake.usgs.gov/earthquakes/feed/v1.0/detail/us7000tii4.geojson","felt":null,"cdi":null,"mmi":null,"alert":null,"status":"reviewed","tsunami":0,"sig":326,"net":"us","code":"7000tii4","ids":",us7000tii4,","sources":",us,","types":",origin,phase-data,","nst":47,"dmin":1.481,"rms":0.93,"gap":132,"magType":"mb","type":"earthquake","title":"M 4.6 - 57 km ESE of Koseda, Japan"},"geometry":{"type":"Point","coordinates":[131.1901,30.1668,38.536]},"id":"us7000tii4"},
{"type":"Feature","properties":{"mag":2.95,"place":"7 km SSE of Ponce, Puerto Rico","time":1789801302940,"updated":1789808395600,"tz":null,"url":"https://earthquake.usgs.gov/earthquakes/eventpage/pr71532923","detail":"https://earthquake.usgs.gov/earthquakes/feed/v1.0/detail/pr71532923.geojson","felt":null,"cdi":null,"mmi":null,"alert":null,"status":"reviewed","tsunami":0,"sig":134,"net":"pr","code":"71532923","ids":",pr71532923,","sources":",pr,","types":",origin,phase-data,","nst":10,"dmin":0.0881,"rms":0.12,"gap":138,"magType":"md","type":"earthquake","title":"M 3.0 - 7 km SSE of Ponce, Puerto Rico"},"geometry":{"type":"Point","coordinates":[-66.591,17.95,13.82]},"id":"pr71532923"},
{"type":"Feature","properties":{"mag":3.07,"place":"4 km WSW of Fuig, Puerto Rico","time":1789795879590,"updated":1789805235630,"tz":null,"url":"https://earthquake.usgs.gov/earthquakes/eventpage/pr71532898","detail":"https://earthquake.usgs.gov/earthquakes/feed/v1.0/detail/pr71532898.geojson","felt":null,"cdi":null,"mmi":null,"alert":null,"status":"reviewed","tsunami":0,"sig":145,"net":"pr","code":"71532898","ids":",pr71532898,","sources":",pr,","types":",origin,phase-data,","nst":8,"dmin":0.07419,"rms":0.31,"gap":180,"magType":"md","type":"earthquake","title":"M 3.1 - 4 km WSW of Fuig, Puerto Rico"},"geometry":{"type":"Point","coordinates":[-66.9571666666667,17.9726666666667,7.87]},"id":"pr71532898"},
{"type":"Feature","properties":{"mag":3.13,"place":"5 km SW of Guánica, Puerto Rico","time":1789794417780,"updated":1789802557800,"tz":null,"url":"https://earthquake.usgs.gov/earthquakes/eventpage/pr71532883","detail":"https://earthquake.usgs.gov/earthquakes/feed/v1.0/detail/pr71532883.geojson","felt":null,"cdi":null,"mmi":null,"alert":null,"status":"reviewed","tsunami":0,"sig":151,"net":"pr","code":"71532883","ids":",us7000tihh,pr71532883,","sources":",us,pr,","types":",origin,phase-data,","nst":13,"dmin":0.072,"rms":0.17,"gap":188,"magType":"md","type":"earthquake","title":"M 3.1 - 5 km SW of Guánica, Puerto Rico"},"geometry":{"type":"Point","coordinates":[-66.9478333333333,17.9445,7.89]},"id":"pr71532883"},
{"type":"Feature","properties":{"mag":4.3,"place":"29 km SSW of Sipí, Colombia","time":1789794108911,"updated":1789801424040,"tz":null,"url":"https://earthquake.usgs.gov/earthquakes/eventpage/us7000tihg","detail":"https://earthquake.usgs.gov/earthquakes/feed/v1.0/detail/us7000tihg.geojson","felt":null,"cdi":null,"mmi":null,"alert":null,"status":"reviewed","tsunami":0,"sig":284,"net":"us","code":"7000tihg","ids":",us7000tihg,","sources":",us,","types":",origin,phase-data,","nst":50,"dmin":2.15,"rms":0.68,"gap":89,"magType":"mb","type":"earthquake","title":"M 4.3 - 29 km SSW of Sipí, Colombia"},"geometry":{"type":"Point","coordinates":[-76.7636,4.415,74.036]},"id":"us7000tihg"},
{"type":"Feature","properties":{"mag":2.95,"place":"3 km SW of Guánica, Puerto Rico","time":1789793348420,"updated":1789799658947,"tz":null,"url":"https://earthquake.usgs.gov/earthquakes/eventpage/pr2026262000","detail":"https://earthquake.usgs.gov/earthquakes/feed/v1.0/detail/pr2026262000.geojson","felt":null,"cdi":null,"mmi":null,"alert":null,"status":"reviewed","tsunami":0,"sig":134,"net":"pr","code":"2026262000","ids":",pr2026262000,","sources":",pr,","types":",origin,phase-data,","nst":16,"dmin":0.0633,"rms":0.16,"gap":184,"magType":"md","type":"earthquake","title":"M 3.0 - 3 km SW of Guánica, Puerto Rico"},"geometry":{"type":"Point","coordinates":[-66.9363,17.9478,7]},"id":"pr2026262000"},
{"type":"Feature","properties":{"mag":5.2,"place":"210 km WNW of Abepura, Indonesia","time":1789791515318,"updated":1789792428040,"tz":null,"url":"https://earthquake.usgs.gov/earthquakes/eventpage/us7000tih8","detail":"https://earthquake.usgs.gov/earthquakes/feed/v1.0/detail/us7000tih8.geojson","felt":null,"cdi":null,"mmi":null,"alert":null,"status":"reviewed","tsunami":0,"sig":416,"net":"us","code":"7000tih8","ids":",us7000tih8,","sources":",us,","types":",origin,phase-data,","nst":48,"dmin":1.928,"rms":1.03,"gap":61,"magType":"mb","type":"earthquake","title":"M 5.2 - 210 km WNW of Abepura, Indonesia"},"geometry":{"type":"Point","coordinates":[138.8882,-1.8561,10]},"id":"us7000tih8"},
{"type":"Feature","properties":{"mag":2.48,"place":"4 km SW of Guánica, Puerto Rico","time":1789788822970,"updated":1789792546260,"tz":null,"url":"https://earthquake.usgs.gov/earthquakes/eventpage/pr71532853","detail":"https://earthquake.usgs.gov/earthquakes/feed/v1.0/detail/pr71532853.geojson","felt":null,"cdi":null,"mmi":null,"alert":null,"status":"reviewed","tsunami":0,"sig":95,"net":"pr","code":"71532853","ids":",pr71532853,","sources":",pr,","types":",origin,phase-data,","nst":15,"dmin":0.0373,"rms":0.14,"gap":184,"magType":"md","type":"earthquake","title":"M 2.5 - 4 km SW of Guánica, Puerto Rico"},"geometry":{"type":"Point","coordinates":[-66.9398333333333,17.9495,7.07]},"id":"pr71532853"},
{"type":"Feature","properties":{"mag":2.82,"place":"3 km SSW of Pāhala, Hawaii","time":1789788521790,"updated":1789790728040,"tz":null,"url":"https://earthquake.usgs.gov/earthquakes/eventpage/hv75039922","detail":"https://earthquake.usgs.gov/earthquakes/feed/v1.0/detail/hv75039922.geojson","felt":null,"cdi":null,"mmi":null,"alert":null,"status":"reviewed","tsunami":0,"sig":122,"net":"hv","code":"75039922","ids":",us7000tih4,hv75039922,","sources":",us,hv,","types":",origin,phase-data,","nst":40,"dmin":0.02825,"rms":0.12,"gap":103,"magType":"ml","type":"earthquake","title":"M 2.8 - 3 km SSW of Pāhala, Hawaii"},"geometry":{"type":"Point","coordinates":[-155.488166666667,19.1693333333333,13.79]},"id":"hv75039922"},
{"type":"Feature","properties":{"mag":2.48,"place":"3 km SSW of Guánica, Puerto Rico","time":1789787619980,"updated":1789795515620,"tz":null,"url":"https://earthquake.usgs.gov/earthquakes/eventpage/pr71532863","detail":"https://earthquake.usgs.gov/earthquakes/feed/v1.0/detail/pr71532863.geojson","felt":null,"cdi":null,"mmi":null,"alert":null,"status":"reviewed","tsunami":0,"sig":95,"net":"pr","code":"71532863","ids":",pr71532863,","sources":",pr,","types":",origin,phase-data,","nst":6,"dmin":0.05716,"rms":0.34,"gap":231,"magType":"md","type":"earthquake","title":"M 2.5 - 3 km SSW of Guánica, Puerto Rico"},"geometry":{"type":"Point","coordinates":[-66.9275,17.9408333333333,13.13]},"id":"pr71532863"},
{"type":"Feature","properties":{"mag":2.47,"place":"4 km SW of Guánica, Puerto Rico","time":1789787528300,"updated":1789789983550,"tz":null,"url":"https://earthquake.usgs.gov/earthquakes/eventpage/pr71532843","detail":"https://earthquake.usgs.gov/earthquakes/feed/v1.0/detail/pr71532843.geojson","felt":null,"cdi":null,"mmi":null,"alert":null,"status":"reviewed","tsunami":0,"sig":94,"net":"pr","code":"71532843","ids":",pr71532843,","sources":",pr,","types":",origin,phase-data,","nst":7,"dmin":0.06685,"rms":0.19,"gap":215,"magType":"md","type":"earthquake","title":"M 2.5 - 4 km SW of Guánica, Puerto Rico"},"geometry":{"type":"Point","coordinates":[-66.9425,17.9458333333333,9.46]},"id":"pr71532843"},
{"type":"Feature","properties":{"mag":4.7,"place":"South Pacific Ocean","time":1789775466691,"updated":1789962350040,"tz":null,"url":"https://earthquake.usgs.gov/earthquakes/eventpage/us7000tigp","detail":"https://earthquake.usgs.gov/earthquakes/feed/v1.0/detail/us7000tigp.geojson","felt":null,"cdi":null,"mmi":null,"alert":null,"status":"reviewed","tsunami":0,"sig":340,"net":"us","code":"7000tigp","ids":",us7000tigp,","sources":",us,","types":",origin,phase-data,","nst":78,"dmin":42.76,"rms":1.04,"gap":75,"magType":"mb","type":"earthquake","title":"M 4.7 - South Pacific Ocean"},"geometry":{"type":"Point","coordinates":[-132.1271,-7.4538,10]},"id":"us7000tigp"},
{"type":"Feature","properties":{"mag":2.6,"place":"126 km E of McCarthy, Alaska","time":1789774217575,"updated":1789962580040,"tz":null,"url":"https://earthquake.usgs.gov/earthquakes/eventpage/us7000tigg","detail":"https://earthquake.usgs.gov/earthquakes/feed/v1.0/detail/us7000tigg.geojson","felt":null,"cdi":null,"mmi":null,"alert":null,"status":"reviewed","tsunami":0,"sig":104,"net":"us","code":"7000tigg","ids":",us7000tigg,","sources":",us,","types":",origin,phase-data,","nst":26,"dmin":0.689,"rms":0.79,"gap":92,"magType":"ml","type":"earthquake","title":"M 2.6 - 126 km E of McCarthy, Alaska"},"geometry":{"type":"Point","coordinates":[-140.5562,61.4752,5]},"id":"us7000tigg"},
{"type":"Feature","properties":{"mag":5.5,"place":"Kermadec Islands region","time":1789773508306,"updated":1789860237909,"tz":null,"url":"https://earthquake.usgs.gov/earthquakes/eventpage/us7000tigd","detail":"https://earthquake.usgs.gov/earthquakes/feed/v1.0/detail/us7000tigd.geojson","felt":0,"cdi":1,"mmi":0,"alert":"green","status":"reviewed","tsunami":0,"sig":465,"net":"us","code":"7000tigd","ids":",us7000tigd,","sources":",us,","types":",dyfi,losspager,origin,phase-data,shakemap,","nst":43,"dmin":1.513,"rms":1.12,"gap":76,"magType":"mww","type":"earthquake","title":"M 5.5 - Kermadec Islands region"},"geometry":{"type":"Point","coordinates":[-177.2286,-27.8581,94.054]},"id":"us7000tigd"},
{"type":"Feature","properties":{"mag":2.59,"place":"4 km WSW of Guánica, Puerto Rico","time":1789770490830,"updated":1789771596820,"tz":null,"url":"https://earthquake.usgs.gov/earthquakes/eventpage/pr71532753","detail":"https://earthquake.usgs.gov/earthquakes/feed/v1.0/detail/pr71532753.geojson","felt":null,"cdi":null,"mmi":null,"alert":null,"status":"reviewed","tsunami":0,"sig":103,"net":"pr","code":"71532753","ids":",pr71532753,","sources":",pr,","types":",origin,phase-data,","nst":9,"dmin":0.07044,"rms":0.07,"gap":203,"magType":"md","type":"earthquake","title":"M 2.6 - 4 km WSW of Guánica, Puerto Rico"},"geometry":{"type":"Point","coordinates":[-66.951,17.9576666666667,7.33]},"id":"pr71532753"},
{"type":"Feature","properties":{"mag":2.46,"place":"5 km SW of Guánica, Puerto Rico","time":1789769741970,"updated":1789771324870,"tz":null,"url":"https://earthquake.usgs.gov/earthquakes/eventpage/pr71532738","detail":"https://earthquake.usgs.gov/earthquakes/feed/v1.0/detail/pr71532738.geojson","felt":null,"cdi":null,"mmi":null,"alert":null,"status":"reviewed","tsunami":0,"sig":93,"net":"pr","code":"71532738","ids":",pr71532738,","sources":",pr,","types":",origin,phase-data,","nst":12,"dmin":0.04624,"rms":0.09,"gap":216,"magType":"md","type":"earthquake","title":"M 2.5 - 5 km SW of Guánica, Puerto Rico"},"geometry":{"type":"Point","coordinates":[-66.9481666666667,17.9451666666667,6.87]},"id":"pr71532738"},
{"type":"Feature","properties":{"mag":4.3,"place":"15 km NNW of Mantoúdi, Greece","time":1789769517388,"updated":1789779219040,"tz":null,"url":"https://earthquake.usgs.gov/earthquakes/eventpage/us7000tifz","detail":"https://earthquake.usgs.gov/earthquakes/feed/v1.0/detail/us7000tifz.geojson","felt":null,"cdi":null,"mmi":null,"alert":null,"status":"reviewed","tsunami":0,"sig":284,"net":"us","code":"7000tifz","ids":",us7000tifz,","sources":",us,","types":",origin,phase-data,","nst":21,"dmin":0.832,"rms":1.03,"gap":62,"magType":"mb","type":"earthquake","title":"M 4.3 - 15 km NNW of Mantoúdi, Greece"},"geometry":{"type":"Point","coordinates":[23.3956,38.9246,10]},"id":"us7000tifz"},
{"type":"Feature","properties":{"mag":3.9,"place":"12 km NW of Corredor, Costa Rica","time":1789769376768,"updated":1789839365536,"tz":null,"url":"https://earthquake.usgs.gov/earthquakes/eventpage/us7000tij9","detail":"https://earthquake.usgs.gov/earthquakes/feed/v1.0/detail/us7000tij9.geojson","felt":3,"cdi":3.1,"mmi":null,"alert":null,"status":"reviewed","tsunami":0,"sig":235,"net":"us","code":"7000tij9","ids":",us7000tij9,","sources":",us,","types":",dyfi,origin,phase-data,","nst":12,"dmin":0.584,"rms":0.52,"gap":206,"magType":"mb","type":"earthquake","title":"M 3.9 - 12 km NW of Corredor, Costa Rica"},"geometry":{"type":"Point","coordinates":[-83.0267,8.7166,10]},"id":"us7000tij9"},
{"type":"Feature","properties":{"mag":2.53,"place":"11 km N of Fillmore, CA","time":1789767038790,"updated":1789782331040,"tz":null,"url":"https://earthquake.usgs.gov/earthquakes/eventpage/ci41334847","detail":"https://earthquake.usgs.gov/earthquakes/feed/v1.0/detail/ci41334847.geojson","felt":null,"cdi":null,"mmi":null,"alert":null,"status":"reviewed","tsunami":0,"sig":98,"net":"ci","code":"41334847","ids":",ci41334847,us7000tifq,","sources":",ci,us,","types":",focal-mechanism,nearby-cities,origin,phase-data,scitech-link,","nst":78,"dmin":0.02268,"rms":0.23,"gap":24,"magType":"ml","type":"earthquake","title":"M 2.5 - 11 km N of Fillmore, CA"},"geometry":{"type":"Point","coordinates":[-118.911833333333,34.5016666666667,26.58]},"id":"ci41334847"},
{"type":"Feature","properties":{"mag":3.73,"place":"30 km SSW of Boca de Yuma, Dominican Republic","time":1789766800700,"updated":1789781627040,"tz":null,"url":"https://earthquake.usgs.gov/earthquakes/eventpage/pr2026261003","detail":"https://earthquake.usgs.gov/earthquakes/feed/v1.0/detail/pr2026261003.geojson","felt":null,"cdi":null,"mmi":null,"alert":null,"status":"reviewed","tsunami":0,"sig":214,"net":"pr","code":"2026261003","ids":",us7000tig0,pr2026261003,","sources":",us,pr,","types":",origin,phase-data,","nst":9,"dmin":0.5134,"rms":0.21,"gap":223,"magType":"md","type":"earthquake","title":"M 3.7 - 30 km SSW of Boca de Yuma, Dominican Republic"},"geometry":{"type":"Point","coordinates":[-68.7021,18.113,128]},"id":"pr2026261003"},
{"type":"Feature","properties":{"mag":3.01,"place":"4 km WSW of Guánica, Puerto Rico","time":1789759713210,"updated":1789846306192,"tz":null,"url":"https://earthquake.usgs.gov/earthquakes/eventpage/pr71532618","detail":"https://earthquake.usgs.gov/earthquakes/feed/v1.0/detail/pr71532618.geojson","felt":null,"cdi":null,"mmi":3.472,"alert":null,"status":"reviewed","tsunami":0,"sig":139,"net":"pr","code":"71532618","ids":",us7000tier,pr71532618,","sources":",us,pr,","types":",origin,phase-data,shakemap,","nst":33,"dmin":0.04412,"rms":0.13,"gap":185,"magType":"md","type":"earthquake","title":"M 3.0 - 4 km WSW of Guánica, Puerto Rico"},"geometry":{"type":"Point","coordinates":[-66.9486666666667,17.9498333333333,6.97]},"id":"pr71532618"},
{"type":"Feature","properties":{"mag":2.72,"place":"4 km WSW of Fuig, Puerto Rico","time":1789759488010,"updated":1789760394290,"tz":null,"url":"https://earthquake.usgs.gov/earthquakes/eventpage/pr71532603","detail":"https://earthquake.usgs.gov/earthquakes/feed/v1.0/detail/pr71532603.geojson","felt":null,"cdi":null,"mmi":null,"alert":null,"status":"reviewed","tsunami":0,"sig":114,"net":"pr","code":"71532603","ids":",pr71532603,","sources":",pr,","types":",origin,phase-data,","nst":10,"dmin":0.07162,"rms":0.16,"gap":180,"magType":"md","type":"earthquake","title":"M 2.7 - 4 km WSW of Fuig, Puerto Rico"},"geometry":{"type":"Point","coordinates":[-66.9545,17.976,6.33]},"id":"pr71532603"},
{"type":"Feature","properties":{"mag":4.5,"place":"112 km ESE of Ust’-Kamchatsk Staryy, Russia","time":1789758997535,"updated":1789767701040,"tz":null,"url":"https://earthquake.usgs.gov/earthquakes/eventpage/us7000tiem","detail":"https://earthquake.usgs.gov/earthquakes/feed/v1.0/detail/us7000tiem.geojson","felt":null,"cdi":null,"mmi":null,"alert":null,"status":"reviewed","tsunami":0,"sig":312,"net":"us","code":"7000tiem","ids":",us7000tiem,","sources":",us,","types":",origin,phase-data,","nst":132,"dmin":4.561,"rms":0.64,"gap":120,"magType":"mb","type":"earthquake","title":"M 4.5 - 112 km ESE of Ust’-Kamchatsk Staryy, Russia"},"geometry":{"type":"Point","coordinates":[164.062,55.7503,30.943]},"id":"us7000tiem"},
{"type":"Feature","properties":{"mag":2.6,"place":"28 km E of Honaunau-Napoopoo, Hawaii","time":1789758797034,"updated":1789766583554,"tz":null,"url":"https://earthquake.usgs.gov/earthquakes/eventpage/us7000tiej","detail":"https://earthquake.usgs.gov/earthquakes/feed/v1.0/detail/us7000tiej.geojson","felt":1,"cdi":0,"mmi":null,"alert":null,"status":"reviewed","tsunami":0,"sig":104,"net":"us","code":"7000tiej","ids":",us7000tiej,","sources":",us,","types":",dyfi,origin,phase-data,","nst":22,"dmin":0.066,"rms":0.71,"gap":83,"magType":"ml","type":"earthquake","title":"M 2.6 - 28 km E of Honaunau-Napoopoo, Hawaii"},"geometry":{"type":"Point","coordinates":[-155.5904,19.4646,26.769]},"id":"us7000tiej"},
{"type":"Feature","properties":{"mag":4.5,"place":"23 km SW of Sipí, Colombia","time":1789756882677,"updated":1789763342040,"tz":null,"url":"https://earthquake.usgs.gov/earthquakes/eventpage/us7000tie4","detail":"https://earthquake.usgs.gov/earthquakes/feed/v1.0/detail/us7000tie4.geojson","felt":null,"cdi":null,"mmi":null,"alert":null,"status":"reviewed","tsunami":0,"sig":312,"net":"us","code":"7000tie4","ids":",us7000tie4,","sources":",us,","types":",origin,phase-data,","nst":64,"dmin":2.098,"rms":0.86,"gap":89,"magType":"mb","type":"earthquake","title":"M 4.5 - 23 km SW of Sipí, Colombia"},"geometry":{"type":"Point","coordinates":[-76.7978,4.5042,72.587]},"id":"us7000tie4"},
{"type":"Feature","properties":{"mag":2.68,"place":"25 km ENE of Yacolt, Washington","time":1789756426080,"updated":1789761835380,"tz":null,"url":"https://earthquake.usgs.gov/earthquakes/eventpage/uw714105301","detail":"https://earthquake.usgs.gov/earthquakes/feed/v1.0/detail/uw714105301.geojson","felt":null,"cdi":null,"mmi":null,"alert":null,"status":"reviewed","tsunami":0,"sig":110,"net":"uw","code":"714105301","ids":",uw714105301,","sources":",uw,","types":",origin,phase-data,","nst":8,"dmin":0.1724,"rms":0.11,"gap":173,"magType":"md","type":"earthquake","title":"M 2.7 - 25 km ENE of Yacolt, Washington"},"geometry":{"type":"Point","coordinates":[-122.098833333333,45.9486666666667,9.25]},"id":"uw714105301"},
{"type":"Feature","properties":{"mag":2.52,"place":"5 km SSW of Guánica, Puerto Rico","time":1789755863690,"updated":1789855975170,"tz":null,"url":"https://earthquake.usgs.gov/earthquakes/eventpage/pr71533183","detail":"https://earthquake.usgs.gov/earthquakes/feed/v1.0/detail/pr71533183.geojson","felt":null,"cdi":null,"mmi":null,"alert":null,"status":"reviewed","tsunami":0,"sig":98,"net":"pr","code":"71533183","ids":",pr71533183,","sources":",pr,","types":",origin,phase-data,","nst":8,"dmin":0.06512,"rms":0.14,"gap":222,"magType":"md","type":"earthquake","title":"M 2.5 - 5 km SSW of Guánica, Puerto Rico"},"geometry":{"type":"Point","coordinates":[-66.9268333333333,17.928,5.57]},"id":"pr71533183"},
{"type":"Feature","properties":{"mag":2.84,"place":"4 km WSW of Guánica, Puerto Rico","time":1789755810020,"updated":1789759198150,"tz":null,"url":"https://earthquake.usgs.gov/earthquakes/eventpage/pr71532538","detail":"https://earthquake.usgs.gov/earthquakes/feed/v1.0/detail/pr71532538.geojson","felt":null,"cdi":null,"mmi":null,"alert":null,"status":"reviewed","tsunami":0,"sig":124,"net":"pr","code":"71532538","ids":",us7000tidy,pr71532538,","sources":",us,pr,","types":",origin,phase-data,","nst":24,"dmin":0.04061,"rms":0.2,"gap":180,"magType":"md","type":"earthquake","title":"M 2.8 - 4 km WSW of Guánica, Puerto Rico"},"geometry":{"type":"Point","coordinates":[-66.9475,17.9553333333333,7.58]},"id":"pr71532538"},
{"type":"Feature","properties":{"mag":4.4,"place":"226 km SSW of Pelabuhanratu, Indonesia","time":1789753357504,"updated":1789775943890,"tz":null,"url":"https://earthquake.usgs.gov/earthquakes/eventpage/us7000tidr","detail":"https://earthquake.usgs.gov/earthquakes/feed/v1.0/detail/us7000tidr.geojson","felt":1,"cdi":2.7,"mmi":null,"alert":null,"status":"reviewed","tsunami":0,"sig":298,"net":"us","code":"7000tidr","ids":",us7000tidr,","sources":",us,","types":",dyfi,origin,phase-data,","nst":28,"dmin":1.669,"rms":0.52,"gap":154,"magType":"mb","type":"earthquake","title":"M 4.4 - 226 km SSW of Pelabuhanratu, Indonesia"},"geometry":{"type":"Point","coordinates":[105.5443,-8.776,10]},"id":"us7000tidr"},
{"type":"Feature","properties":{"mag":2.6,"place":"37 km WSW of Aleneva, Alaska","time":1789752084776,"updated":1789753271040,"tz":null,"url":"https://earthquake.usgs.gov/earthquakes/eventpage/aka2026snoksy","detail":"https://earthquake.usgs.gov/earthquakes/feed/v1.0/detail/aka2026snoksy.geojson","felt":null,"cdi":null,"mmi":null,"alert":null,"status":"automatic","tsunami":0,"sig":104,"net":"ak","code":"a2026snoksy","ids":",us7000tidh,aka2026snoksy,","sources":",us,ak,","types":",origin,phase-data,","nst":73,"dmin":0.5,"rms":0.5,"gap":64,"magType":"ml","type":"earthquake","title":"M 2.6 - 37 km WSW of Aleneva, Alaska"},"geometry":{"type":"Point","coordinates":[-153.502,57.938,51]},"id":"aka2026snoksy"},
{"type":"Feature","properties":{"mag":3.4,"place":"5 km WSW of Fuig, Puerto Rico","time":1789752042440,"updated":1789754031999,"tz":null,"url":"https://earthquake.usgs.gov/earthquakes/eventpage/pr2026261002","detail":"https://earthquake.usgs.gov/earthquakes/feed/v1.0/detail/pr2026261002.geojson","felt":1,"cdi":2.7,"mmi":null,"alert":null,"status":"reviewed","tsunami":0,"sig":178,"net":"pr","code":"2026261002","ids":",us7000tidg,pr2026261002,","sources":",us,pr,","types":",dyfi,origin,phase-data,","nst":17,"dmin":0.0818,"rms":0.16,"gap":173,"magType":"ml","type":"earthquake","title":"M 3.4 - 5 km WSW of Fuig, Puerto Rico"},"geometry":{"type":"Point","coordinates":[-66.9605,17.9658,6]},"id":"pr2026261002"},
{"type":"Feature","properties":{"mag":2.79,"place":"9 km S of Waimea, Hawaii","time":1789751101650,"updated":1790029473687,"tz":null,"url":"https://earthquake.usgs.gov/earthquakes/eventpage/hv74000249","detail":"https://earthquake.usgs.gov/earthquakes/feed/v1.0/detail/hv74000249.geojson","felt":11,"cdi":2.4,"mmi":null,"alert":null,"status":"reviewed","tsunami":0,"sig":122,"net":"hv","code":"74000249","ids":",us7000tid8,hv74000249,","sources":",us,hv,","types":",dyfi,origin,phase-data,","nst":47,"dmin":0.08301,"rms":0.17,"gap":108,"magType":"ml","type":"earthquake","title":"M 2.8 - 9 km S of Waimea, Hawaii"},"geometry":{"type":"Point","coordinates":[-155.683833333333,19.9365,11.12]},"id":"hv74000249"},
{"type":"Feature","properties":{"mag":2.52,"place":"10 km E of Waikoloa, Hawaii","time":1789751009280,"updated":1790030227359,"tz":null,"url":"https://earthquake.usgs.gov/earthquakes/eventpage/hv75039542","detail":"https://earthquake.usgs.gov/earthquakes/feed/v1.0/detail/hv75039542.geojson","felt":4,"cdi":2.7,"mmi":null,"alert":null,"status":"reviewed","tsunami":0,"sig":99,"net":"hv","code":"75039542","ids":",hv75039542,us7000tid7,","sources":",hv,us,","types":",dyfi,origin,phase-data,","nst":50,"dmin":0.07706,"rms":0.19,"gap":104,"magType":"ml","type":"earthquake","title":"M 2.5 - 10 km E of Waikoloa, Hawaii"},"geometry":{"type":"Point","coordinates":[-155.6915,19.9273333333333,8.83]},"id":"hv75039542"},
{"type":"Feature","properties":{"mag":2.7,"place":"6 km WSW of Guánica, Puerto Rico","time":1789750673350,"updated":1789751684710,"tz":null,"url":"https://earthquake.usgs.gov/earthquakes/eventpage/pr71532403","detail":"https://earthquake.usgs.gov/earthquakes/feed/v1.0/detail/pr71532403.geojson","felt":null,"cdi":null,"mmi":null,"alert":null,"status":"reviewed","tsunami":0,"sig":112,"net":"pr","code":"71532403","ids":",pr71532403,","sources":",pr,","types":",origin,phase-data,","nst":16,"dmin":0.05455,"rms":0.08,"gap":190,"magType":"md","type":"earthquake","title":"M 2.7 - 6 km WSW of Guánica, Puerto Rico"},"geometry":{"type":"Point","coordinates":[-66.958,17.9443333333333,7.66]},"id":"pr71532403"},
{"type":"Feature","properties":{"mag":2.56,"place":"4 km WSW of Fuig, Puerto Rico","time":1789750625620,"updated":1789754658040,"tz":null,"url":"https://earthquake.usgs.gov/earthquakes/eventpage/pr71532383","detail":"https://earthquake.usgs.gov/earthquakes/feed/v1.0/detail/pr71532383.geojson","felt":null,"cdi":null,"mmi":null,"alert":null,"status":"reviewed","tsunami":0,"sig":101,"net":"pr","code":"71532383","ids":",us7000tidb,pr71532383,","sources":",us,pr,","types":",origin,phase-data,","nst":5,"dmin":0.06954,"rms":0.14,"gap":184,"magType":"md","type":"earthquake","title":"M 2.6 - 4 km WSW of Fuig, Puerto Rico"},"geometry":{"type":"Point","coordinates":[-66.9521666666667,17.9705,7.86]},"id":"pr71532383"},
{"type":"Feature","properties":{"mag":3.6,"place":"47 km WSW of Nikolski, Alaska","time":1789750577069,"updated":1789837628040,"tz":null,"url":"https://earthquake.usgs.gov/earthquakes/eventpage/us7000tiet","detail":"https://earthquake.usgs.gov/earthquakes/feed/v1.0/detail/us7000tiet.geojson","felt":null,"cdi":null,"mmi":1.929,"alert":null,"status":"reviewed","tsunami":0,"sig":199,"net":"us","code":"7000tiet","ids":",aka2026snnoxq,us7000tiet,","sources":",ak,us,","types":",origin,phase-data,shakemap,","nst":27,"dmin":0.12,"rms":0.42,"gap":195,"magType":"ml","type":"earthquake","title":"M 3.6 - 47 km WSW of Nikolski, Alaska"},"geometry":{"type":"Point","coordinates":[-169.5249,52.7823,70.346]},"id":"us7000tiet"},
{"type":"Feature","properties":{"mag":5.2,"place":"28 km NE of Villa Presidente Frei, Chile","time":1789750327958,"updated":1789909817328,"tz":null,"url":"https://earthquake.usgs.gov/earthquakes/eventpage/us7000tid4","detail":"https://earthquake.usgs.gov/earthquakes/feed/v1.0/detail/us7000tid4.geojson","felt":34,"cdi":3.8,"mmi":null,"alert":null,"status":"reviewed","tsunami":0,"sig":429,"net":"us","code":"7000tid4","ids":",us7000tid4,","sources":",us,","types":",dyfi,moment-tensor,origin,phase-data,","nst":82,"dmin":0.193,"rms":0.96,"gap":38,"magType":"mb","type":"earthquake","title":"M 5.2 - 28 km NE of Villa Presidente Frei, Chile"},"geometry":{"type":"Point","coordinates":[-70.3344,-33.3109,100.009]},"id":"us7000tid4"},
{"type":"Feature","properties":{"mag":4.6,"place":"28 km S of Bengkulu, Indonesia","time":1789749446075,"updated":1789837445040,"tz":null,"url":"https://earthquake.usgs.gov/earthquakes/eventpage/us7000tid2","detail":"https://earthquake.usgs.gov/earthquakes/feed/v1.0/detail/us7000tid2.geojson","felt":null,"cdi":null,"mmi":null,"alert":null,"status":"reviewed","tsunami":0,"sig":326,"net":"us","code":"7000tid2","ids":",us7000tid2,","sources":",us,","types":",origin,phase-data,","nst":37,"dmin":6.016,"rms":0.73,"gap":150,"magType":"mb","type":"earthquake","title":"M 4.6 - 28 km S of Bengkulu, Indonesia"},"geometry":{"type":"Point","coordinates":[102.2947,-4.0598,102.626]},"id":"us7000tid2"},
{"type":"Feature","properties":{"mag":4.4,"place":"70 km NNW of Uken, Japan","time":1789748836134,"updated":1789905533040,"tz":null,"url":"https://earthquake.usgs.gov/earthquakes/eventpage/us7000tir5","detail":"https://earthquake.usgs.gov/earthquakes/feed/v1.0/detail/us7000tir5.geojson","felt":null,"cdi":null,"mmi":null,"alert":null,"status":"reviewed","tsunami":0,"sig":298,"net":"us","code":"7000tir5","ids":",us7000tir5,","sources":",us,","types":",origin,phase-data,","nst":21,"dmin":3,"rms":1.01,"gap":114,"magType":"mb","type":"earthquake","title":"M 4.4 - 70 km NNW of Uken, Japan"},"geometry":{"type":"Point","coordinates":[128.8492,28.8405,10]},"id":"us7000tir5"},
{"type":"Feature","properties":{"mag":4.1,"place":"72 km SE of Palca, Peru","time":1789742559134,"updated":1789836831040,"tz":null,"url":"https://earthquake.usgs.gov/earthquakes/eventpage/us7000tib9","detail":"https://earthquake.usgs.gov/earthquakes/feed/v1.0/detail/us7000tib9.geojson","felt":null,"cdi":null,"mmi":null,"alert":null,"status":"reviewed","tsunami":0,"sig":259,"net":"us","code":"7000tib9","ids":",us7000tib9,","sources":",us,","types":",origin,phase-data,","nst":17,"dmin":0.216,"rms":0.56,"gap":104,"magType":"mb","type":"earthquake","title":"M 4.1 - 72 km SE of Palca, Peru"},"geometry":{"type":"Point","coordinates":[-69.394,-18.1468,152.137]},"id":"us7000tib9"},
{"type":"Feature","properties":{"mag":5.2,"place":"189 km SSW of Pelabuhanratu, Indonesia","time":1789742177895,"updated":1789743345040,"tz":null,"url":"https://earthquake.usgs.gov/earthquakes/eventpage/us7000tib8","detail":"https://earthquake.usgs.gov/earthquakes/feed/v1.0/detail/us7000tib8.geojson","felt":null,"cdi":null,"mmi":null,"alert":null,"status":"reviewed","tsunami":0,"sig":416,"net":"us","code":"7000tib8","ids":",us7000tib8,","sources":",us,","types":",origin,phase-data,","nst":55,"dmin":1.87,"rms":1.09,"gap":69,"magType":"mb","type":"earthquake","title":"M 5.2 - 189 km SSW of Pelabuhanratu, Indonesia"},"geometry":{"type":"Point","coordinates":[105.9112,-8.5809,10]},"id":"us7000tib8"},
{"type":"Feature","properties":{"mag":2.52,"place":"3 km WSW of Guánica, Puerto Rico","time":1789740814200,"updated":1789742797130,"tz":null,"url":"https://earthquake.usgs.gov/earthquakes/eventpage/pr71532288","detail":"https://earthquake.usgs.gov/earthquakes/feed/v1.0/detail/pr71532288.geojson","felt":null,"cdi":null,"mmi":null,"alert":null,"status":"reviewed","tsunami":0,"sig":98,"net":"pr","code":"71532288","ids":",pr71532288,","sources":",pr,","types":",origin,phase-data,","nst":5,"dmin":0.05524,"rms":0.16,"gap":209,"magType":"md","type":"earthquake","title":"M 2.5 - 3 km WSW of Guánica, Puerto Rico"},"geometry":{"type":"Point","coordinates":[-66.9338333333333,17.9561666666667,9.21]},"id":"pr71532288"},
{"type":"Feature","properties":{"mag":2.64,"place":"3 km SW of Guánica, Puerto Rico","time":1789740501470,"updated":1789745757120,"tz":null,"url":"https://earthquake.usgs.gov/earthquakes/eventpage/pr71532283","detail":"https://earthquake.usgs.gov/earthquakes/feed/v1.0/detail/pr71532283.geojson","felt":null,"cdi":null,"mmi":null,"alert":null,"status":"reviewed","tsunami":0,"sig":107,"net":"pr","code":"71532283","ids":",pr71532283,","sources":",pr,","types":",origin,phase-data,","nst":10,"dmin":0.03153,"rms":0.09,"gap":212,"magType":"md","type":"earthquake","title":"M 2.6 - 3 km SW of Guánica, Puerto Rico"},"geometry":{"type":"Point","coordinates":[-66.9308333333333,17.9486666666667,7.93]},"id":"pr71532283"},
{"type":"Feature","properties":{"mag":4.6,"place":"104 km NNW of Sola, Vanuatu","time":1789739876067,"updated":1789747172040,"tz":null,"url":"https://earthquake.usgs.gov/earthquakes/eventpage/us7000tib5","detail":"https://earthquake.usgs.gov/earthquakes/feed/v1.0/detail/us7000tib5.geojson","felt":null,"cdi":null,"mmi":null,"alert":null,"status":"reviewed","tsunami":0,"sig":326,"net":"us","code":"7000tib5","ids":",us7000tib5,","sources":",us,","types":",origin,phase-data,","nst":49,"dmin":7.899,"rms":0.64,"gap":86,"magType":"mb","type":"earthquake","title":"M 4.6 - 104 km NNW of Sola, Vanuatu"},"geometry":{"type":"Point","coordinates":[167.0585,-13.0681,191.321]},"id":"us7000tib5"},
{"type":"Feature","properties":{"mag":3.6,"place":"5 km NW of Black Eagle, Montana","time":1789738842979,"updated":1789841587773,"tz":null,"url":"https://earthquake.usgs.gov/earthquakes/eventpage/us7000tiax","detail":"https://earthquake.usgs.gov/earthquakes/feed/v1.0/detail/us7000tiax.geojson","felt":176,"cdi":3.4,"mmi":3.306,"alert":null,"status":"reviewed","tsunami":0,"sig":259,"net":"us","code":"7000tiax","ids":",us7000tiax,mb90208578,","sources":",us,mb,","types":",dyfi,origin,phase-data,shakemap,","nst":28,"dmin":0.894,"rms":0.56,"gap":97,"magType":"ml","type":"earthquake","title":"M 3.6 - 5 km NW of Black Eagle, Montana"},"geometry":{"type":"Point","coordinates":[-111.3244,47.5572,27.731]},"id":"us7000tiax"},
{"type":"Feature","properties":{"mag":2.9,"place":"4 km SW of Guánica, Puerto Rico","time":1789738527900,"updated":1789746569727,"tz":null,"url":"https://earthquake.usgs.gov/earthquakes/eventpage/us7000tiav","detail":"https://earthquake.usgs.gov/earthquakes/feed/v1.0/detail/us7000tiav.geojson","felt":1,"cdi":0,"mmi":null,"alert":null,"status":"reviewed","tsunami":0,"sig":129,"net":"us","code":"7000tiav","ids":",us7000tiav,","sources":",us,","types":",dyfi,origin,phase-data,","nst":11,"dmin":0.109,"rms":0.24,"gap":199,"magType":"ml","type":"earthquake","title":"M 2.9 - 4 km SW of Guánica, Puerto Rico"},"geometry":{"type":"Point","coordinates":[-66.9352,17.9368,10]},"id":"us7000tiav"},
{"type":"Feature","properties":{"mag":2.51,"place":"3 km W of Fuig, Puerto Rico","time":1789737775470,"updated":1789746104040,"tz":null,"url":"https://earthquake.usgs.gov/earthquakes/eventpage/pr71532193","detail":"https://earthquake.usgs.gov/earthquakes/feed/v1.0/detail/pr71532193.geojson","felt":1,"cdi":2.9,"mmi":null,"alert":null,"status":"reviewed","tsunami":0,"sig":97,"net":"pr","code":"71532193","ids":",pr71532193,us7000tibb,","sources":",pr,us,","types":",dyfi,origin,phase-data,","nst":14,"dmin":0.0385,"rms":0.21,"gap":148,"magType":"md","type":"earthquake","title":"M 2.5 - 3 km W of Fuig, Puerto Rico"},"geometry":{"type":"Point","coordinates":[-66.9461666666667,17.9866666666667,7.63]},"id":"pr71532193"},
{"type":"Feature","properties":{"mag":4.8,"place":"5 km SW of Guánica, Puerto Rico","time":1789737575140,"updated":1789824396800,"tz":null,"url":"https://earthquake.usgs.gov/earthquakes/eventpage/pr2026261000","detail":"https://earthquake.usgs.gov/earthquakes/feed/v1.0/detail/pr2026261000.geojson","felt":86,"cdi":5.9,"mmi":4.461,"alert":"green","status":"reviewed","tsunami":0,"sig":405,"net":"pr","code":"2026261000","ids":",pt26261050,us7000tiar,pr2026261000,","sources":",pt,us,pr,","types":",dyfi,losspager,moment-tensor,origin,phase-data,shakemap,","nst":23,"dmin":0.0754,"rms":0.13,"gap":191,"magType":"ml","type":"earthquake","title":"M 4.8 - 5 km SW of Guánica, Puerto Rico"},"geometry":{"type":"Point","coordinates":[-66.9455,17.9391,7]},"id":"pr2026261000"},
{"type":"Feature","properties":{"mag":4.6,"place":"125 km SSW of La Esperanza (El Zapotal), Mexico","time":1789737169370,"updated":1789745635040,"tz":null,"url":"https://earthquake.usgs.gov/earthquakes/eventpage/us7000tiaq","detail":"https://earthquake.usgs.gov/earthquakes/feed/v1.0/detail/us7000tiaq.geojson","felt":null,"cdi":null,"mmi":null,"alert":null,"status":"reviewed","tsunami":0,"sig":326,"net":"us","code":"7000tiaq","ids":",us7000tiaq,","sources":",us,","types":",origin,phase-data,","nst":35,"dmin":2.333,"rms":0.72,"gap":193,"magType":"mb","type":"earthquake","title":"M 4.6 - 125 km SSW of La Esperanza (El Zapotal), Mexico"},"geometry":{"type":"Point","coordinates":[-93.5556,14.3814,10]},"id":"us7000tiaq"},
{"type":"Feature","properties":{"mag":4.7,"place":"34 km NNE of Ruteng, Indonesia","time":1789734056630,"updated":1789735509040,"tz":null,"url":"https://earthquake.usgs.gov/earthquakes/eventpage/us7000ti9c","detail":"https://earthquake.usgs.gov/earthquakes/feed/v1.0/detail/us7000ti9c.geojson","felt":null,"cdi":null,"mmi":null,"alert":null,"status":"reviewed","tsunami":0,"sig":340,"net":"us","code":"7000ti9c","ids":",us7000ti9c,","sources":",us,","types":",origin,phase-data,","nst":33,"dmin":3.385,"rms":0.99,"gap":114,"magType":"mb","type":"earthquake","title":"M 4.7 - 34 km NNE of Ruteng, Indonesia"},"geometry":{"type":"Point","coordinates":[120.5723,-8.3213,10]},"id":"us7000ti9c"},
{"type":"Feature","properties":{"mag":4.6,"place":"204 km N of Daocheng, China","time":1789733388959,"updated":1789734465040,"tz":null,"url":"https://earthquake.usgs.gov/earthquakes/eventpage/us7000ti9a","detail":"https://earthquake.usgs.gov/earthquakes/feed/v1.0/detail/us7000ti9a.geojson","felt":null,"cdi":null,"mmi":null,"alert":null,"status":"reviewed","tsunami":0,"sig":326,"net":"us","code":"7000ti9a","ids":",us7000ti9a,","sources":",us,","types":",origin,phase-data,","nst":45,"dmin":5.987,"rms":0.7,"gap":125,"magType":"mb","type":"earthquake","title":"M 4.6 - 204 km N of Daocheng, China"},"geometry":{"type":"Point","coordinates":[99.922,30.8534,10]},"id":"us7000ti9a"},
{"type":"Feature","properties":{"mag":4.2,"place":"34 km S of Jurm, Afghanistan","time":1789733258239,"updated":1789734817040,"tz":null,"url":"https://earthquake.usgs.gov/earthquakes/eventpage/us7000ti97","detail":"https://earthquake.usgs.gov/earthquakes/feed/v1.0/detail/us7000ti97.geojson","felt":null,"cdi":null,"mmi":null,"alert":null,"status":"reviewed","tsunami":0,"sig":271,"net":"us","code":"7000ti97","ids":",us7000ti97,","sources":",us,","types":",origin,phase-data,","nst":34,"dmin":2.181,"rms":0.69,"gap":76,"magType":"mb","type":"earthquake","title":"M 4.2 - 34 km S of Jurm, Afghanistan"},"geometry":{"type":"Point","coordinates":[70.8569,36.5552,179.456]},"id":"us7000ti97"},
{"type":"Feature","properties":{"mag":2.95,"place":"4 km S of Pāhala, Hawaii","time":1789730392780,"updated":1789769394580,"tz":null,"url":"https://earthquake.usgs.gov/earthquakes/eventpage/hv75039357","detail":"https://earthquake.usgs.gov/earthquakes/feed/v1.0/detail/hv75039357.geojson","felt":null,"cdi":null,"mmi":null,"alert":null,"status":"reviewed","tsunami":0,"sig":134,"net":"hv","code":"75039357","ids":",us7000ti92,hv75039357,","sources":",us,hv,","types":",origin,phase-data,","nst":46,"dmin":0.02238,"rms":0.16,"gap":112,"magType":"ml","type":"earthquake","title":"M 3.0 - 4 km S of Pāhala, Hawaii"},"geometry":{"type":"Point","coordinates":[-155.484,19.164,13.56]},"id":"hv75039357"},
{"type":"Feature","properties":{"mag":3.04,"place":"62 km NNE of Cruz Bay, U.S. Virgin Islands","time":1789729807340,"updated":1789733571770,"tz":null,"url":"https://earthquake.usgs.gov/earthquakes/eventpage/pr71532168","detail":"https://earthquake.usgs.gov/earthquakes/feed/v1.0/detail/pr71532168.geojson","felt":null,"cdi":null,"mmi":null,"alert":null,"status":"reviewed","tsunami":0,"sig":142,"net":"pr","code":"71532168","ids":",pr71532168,","sources":",pr,","types":",origin,phase-data,","nst":5,"dmin":0.3374,"rms":0.24,"gap":288,"magType":"md","type":"earthquake","title":"M 3.0 - 62 km NNE of Cruz Bay, U.S. Virgin Islands"},"geometry":{"type":"Point","coordinates":[-64.498,18.817,18.42]},"id":"pr71532168"},
{"type":"Feature","properties":{"mag":3.2,"place":"70 km SSW of Kaktovik, Alaska","time":1789727675285,"updated":1789728469040,"tz":null,"url":"https://earthquake.usgs.gov/earthquakes/eventpage/aka2026snavuk","detail":"https://earthquake.usgs.gov/earthquakes/feed/v1.0/detail/aka2026snavuk.geojson","felt":null,"cdi":null,"mmi":null,"alert":null,"status":"automatic","tsunami":0,"sig":158,"net":"ak","code":"a2026snavuk","ids":",us7000ti8w,aka2026snavuk,","sources":",us,ak,","types":",origin,phase-data,","nst":68,"dmin":0.2,"rms":1.2,"gap":93,"magType":"ml","type":"earthquake","title":"M 3.2 - 70 km SSW of Kaktovik, Alaska"},"geometry":{"type":"Point","coordinates":[-144.182,69.531,2.7]},"id":"aka2026snavuk"},
{"type":"Feature","properties":{"mag":2.52,"place":"4 km S of Pāhala, Hawaii","time":1789723571300,"updated":1789765174078,"tz":null,"url":"https://earthquake.usgs.gov/earthquakes/eventpage/hv75039307","detail":"https://earthquake.usgs.gov/earthquakes/feed/v1.0/detail/hv75039307.geojson","felt":1,"cdi":2.2,"mmi":null,"alert":null,"status":"reviewed","tsunami":0,"sig":98,"net":"hv","code":"75039307","ids":",hv75039307,us7000ti8l,","sources":",hv,us,","types":",dyfi,origin,phase-data,","nst":50,"dmin":0.02293,"rms":0.19,"gap":110,"magType":"ml","type":"earthquake","title":"M 2.5 - 4 km S of Pāhala, Hawaii"},"geometry":{"type":"Point","coordinates":[-155.484166666667,19.165,10.45]},"id":"hv75039307"},
{"type":"Feature","properties":{"mag":3.6,"place":"109 km SE of Atka, Alaska","time":1789723428084,"updated":1790070825040,"tz":null,"url":"https://earthquake.usgs.gov/earthquakes/eventpage/us7000tieq","detail":"https://earthquake.usgs.gov/earthquakes/feed/v1.0/detail/us7000tieq.geojson","felt":null,"cdi":null,"mmi":2.337,"alert":null,"status":"reviewed","tsunami":0,"sig":199,"net":"us","code":"7000tieq","ids":",aka2026smympm,us7000tieq,","sources":",ak,us,","types":",origin,phase-data,shakemap,","nst":54,"dmin":0.988,"rms":0.48,"gap":213,"magType":"mb","type":"earthquake","title":"M 3.6 - 109 km SE of Atka, Alaska"},"geometry":{"type":"Point","coordinates":[-173.1456,51.4614,35]},"id":"us7000tieq"},
{"type":"Feature","properties":{"mag":4.4,"place":"6 km SW of Juradó, Colombia","time":1789721121545,"updated":1789737932040,"tz":null,"url":"https://earthquake.usgs.gov/earthquakes/eventpage/us7000ti8q","detail":"https://earthquake.usgs.gov/earthquakes/feed/v1.0/detail/us7000ti8q.geojson","felt":null,"cdi":null,"mmi":null,"alert":null,"status":"reviewed","tsunami":0,"sig":298,"net":"us","code":"7000ti8q","ids":",us7000ti8q,","sources":",us,","types":",origin,phase-data,","nst":15,"dmin":2.285,"rms":0.84,"gap":133,"magType":"mb","type":"earthquake","title":"M 4.4 - 6 km SW of Juradó, Colombia"},"geometry":{"type":"Point","coordinates":[-77.8028,7.0558,10]},"id":"us7000ti8q"},
{"type":"Feature","properties":{"mag":4.5,"place":"Izu Islands, Japan region","time":1789720745285,"updated":1789737493040,"tz":null,"url":"https://earthquake.usgs.gov/earthquakes/eventpage/us7000ti8j","detail":"https://earthquake.usgs.gov/earthquakes/feed/v1.0/detail/us7000ti8j.geojson","felt":null,"cdi":null,"mmi":null,"alert":null,"status":"reviewed","tsunami":0,"sig":312,"net":"us","code":"7000ti8j","ids":",us7000ti8j,","sources":",us,","types":",origin,phase-data,","nst":43,"dmin":4.654,"rms":0.6,"gap":136,"magType":"mb","type":"earthquake","title":"M 4.5 - Izu Islands, Japan region"},"geometry":{"type":"Point","coordinates":[141.3623,32.3435,35]},"id":"us7000ti8j"},
{"type":"Feature","properties":{"mag":4.4,"place":"West Chile Rise","time":1789716909817,"updated":1789899394040,"tz":null,"url":"https://earthquake.usgs.gov/earthquakes/eventpage/us7000tiqq","detail":"https://earthquake.usgs.gov/earthquakes/feed/v1.0/detail/us7000tiqq.geojson","felt":null,"cdi":null,"mmi":null,"alert":null,"status":"reviewed","tsunami":0,"sig":298,"net":"us","code":"7000tiqq","ids":",us7000tiqq,","sources":",us,","types":",origin,phase-data,","nst":22,"dmin":11.833,"rms":0.56,"gap":156,"magType":"mb","type":"earthquake","title":"M 4.4 - West Chile Rise"},"geometry":{"type":"Point","coordinates":[-86.8102,-41.5677,10]},"id":"us7000tiqq"},
{"type":"Feature","properties":{"mag":5,"place":"Izu Islands, Japan region","time":1789715968254,"updated":1789717282040,"tz":null,"url":"https://earthquake.usgs.gov/earthquakes/eventpage/us7000ti89","detail":"https://earthquake.usgs.gov/earthquakes/feed/v1.0/detail/us7000ti89.geojson","felt":null,"cdi":null,"mmi":null,"alert":null,"status":"reviewed","tsunami":0,"sig":385,"net":"us","code":"7000ti89","ids":",us7000ti89,","sources":",us,","types":",origin,phase-data,","nst":40,"dmin":4.853,"rms":0.85,"gap":132,"magType":"mww","type":"earthquake","title":"M 5.0 - Izu Islands, Japan region"},"geometry":{"type":"Point","coordinates":[141.5763,32.243,35.294]},"id":"us7000ti89"},
{"type":"Feature","properties":{"mag":4.7,"place":"Fiji region","time":1789713749274,"updated":1789714728040,"tz":null,"url":"https://earthquake.usgs.gov/earthquakes/eventpage/us7000ti83","detail":"https://earthquake.usgs.gov/earthquakes/feed/v1.0/detail/us7000ti83.geojson","felt":null,"cdi":null,"mmi":null,"alert":null,"status":"reviewed","tsunami":0,"sig":340,"net":"us","code":"7000ti83","ids":",us7000ti83,","sources":",us,","types":",origin,phase-data,","nst":46,"dmin":4.832,"rms":0.65,"gap":77,"magType":"mb","type":"earthquake","title":"M 4.7 - Fiji region"},"geometry":{"type":"Point","coordinates":[-179.3724,-21.9479,548.378]},"id":"us7000ti83"},
{"type":"Feature","properties":{"mag":4.3,"place":"15 km NW of Mantoúdi, Greece","time":1789713726708,"updated":1789753015228,"tz":null,"url":"https://earthquake.usgs.gov/earthquakes/eventpage/us7000ti82","detail":"https://earthquake.usgs.gov/earthquakes/feed/v1.0/detail/us7000ti82.geojson","felt":1,"cdi":3.1,"mmi":null,"alert":null,"status":"reviewed","tsunami":0,"sig":285,"net":"us","code":"7000ti82","ids":",us7000ti82,","sources":",us,","types":",dyfi,moment-tensor,origin,phase-data,","nst":34,"dmin":0.817,"rms":0.82,"gap":52,"magType":"mb","type":"earthquake","title":"M 4.3 - 15 km NW of Mantoúdi, Greece"},"geometry":{"type":"Point","coordinates":[23.3755,38.915,4.385]},"id":"us7000ti82"},
{"type":"Feature","properties":{"mag":2.64,"place":"5 km NW of Guayabal, Puerto Rico","time":1789713710150,"updated":1789717152660,"tz":null,"url":"https://earthquake.usgs.gov/earthquakes/eventpage/pr71532128","detail":"https://earthquake.usgs.gov/earthquakes/feed/v1.0/detail/pr71532128.geojson","felt":null,"cdi":null,"mmi":null,"alert":null,"status":"reviewed","tsunami":0,"sig":107,"net":"pr","code":"71532128","ids":",pr71532128,","sources":",pr,","types":",origin,phase-data,","nst":15,"dmin":0.04711,"rms":0.16,"gap":79,"magType":"md","type":"earthquake","title":"M 2.6 - 5 km NW of Guayabal, Puerto Rico"},"geometry":{"type":"Point","coordinates":[-66.5461666666667,18.1101666666667,20.42]},"id":"pr71532128"},
{"type":"Feature","properties":{"mag":4.06,"place":"5 km S of Pāhala, Hawaii","time":1789713403030,"updated":1789851781126,"tz":null,"url":"https://earthquake.usgs.gov/earthquakes/eventpage/hv75039212","detail":"https://earthquake.usgs.gov/earthquakes/feed/v1.0/detail/hv75039212.geojson","felt":106,"cdi":4.6,"mmi":3.702,"alert":"green","status":"reviewed","tsunami":0,"sig":302,"net":"hv","code":"75039212","ids":",hv75039212,us7000ti80,","sources":",hv,us,","types":",dyfi,losspager,origin,phase-data,shakemap,","nst":60,"dmin":0.01363,"rms":0.19,"gap":126,"magType":"ml","type":"earthquake","title":"M 4.1 - 5 km S of Pāhala, Hawaii"},"geometry":{"type":"Point","coordinates":[-155.476333333333,19.1576666666667,12.42]},"id":"hv75039212"},
{"type":"Feature","properties":{"mag":4.7,"place":"40 km SSW of Sipí, Colombia","time":1789712223598,"updated":1789727870853,"tz":null,"url":"https://earthquake.usgs.gov/earthquakes/eventpage/us7000ti7x","detail":"https://earthquake.usgs.gov/earthquakes/feed/v1.0/detail/us7000ti7x.geojson","felt":7,"cdi":3.1,"mmi":null,"alert":null,"status":"reviewed","tsunami":0,"sig":342,"net":"us","code":"7000ti7x","ids":",us7000ti7x,","sources":",us,","types":",dyfi,origin,phase-data,","nst":50,"dmin":2.243,"rms":1.05,"gap":99,"magType":"mb","type":"earthquake","title":"M 4.7 - 40 km SSW of Sipí, Colombia"},"geometry":{"type":"Point","coordinates":[-76.7931,4.3224,68.374]},"id":"us7000ti7x"},
{"type":"Feature","properties":{"mag":3.8,"place":"169 km WSW of Nikolski, Alaska","time":1789710226639,"updated":1789759409208,"tz":null,"url":"https://earthquake.usgs.gov/earthquakes/eventpage/aka2026smrdve","detail":"https://earthquake.usgs.gov/earthquakes/feed/v1.0/detail/aka2026smrdve.geojson","felt":null,"cdi":null,"mmi":1.634,"alert":null,"status":"reviewed","tsunami":0,"sig":222,"net":"ak","code":"a2026smrdve","ids":",aka2026smrdve,","sources":",ak,","types":",origin,phase-data,shakemap,","nst":50,"dmin":0.9,"rms":0.7,"gap":209,"magType":"ml","type":"earthquake","title":"M 3.8 - 169 km WSW of Nikolski, Alaska"},"geometry":{"type":"Point","coordinates":[-171.02,52.164,109.9]},"id":"aka2026smrdve"},
{"type":"Feature","properties":{"mag":3,"place":"44 km E of Pedro Bay, Alaska","time":1789709086935,"updated":1789735335040,"tz":null,"url":"https://earthquake.usgs.gov/earthquakes/eventpage/aka2026smqnkd","detail":"https://earthquake.usgs.gov/earthquakes/feed/v1.0/detail/aka2026smqnkd.geojson","felt":null,"cdi":null,"mmi":null,"alert":null,"status":"automatic","tsunami":0,"sig":138,"net":"ak","code":"a2026smqnkd","ids":",us7000ti7t,aka2026smqnkd,","sources":",us,ak,","types":",origin,phase-data,","nst":176,"dmin":0.2,"rms":1.1,"gap":52,"magType":"ml","type":"earthquake","title":"M 3.0 - 44 km E of Pedro Bay, Alaska"},"geometry":{"type":"Point","coordinates":[-153.33,59.854,131.8]},"id":"aka2026smqnkd"},
{"type":"Feature","properties":{"mag":2.9,"place":"60 km ENE of Ouzinkie, Alaska","time":1789707070383,"updated":1789707360043,"tz":null,"url":"https://earthquake.usgs.gov/earthquakes/eventpage/aka2026smpklv","detail":"https://earthquake.usgs.gov/earthquakes/feed/v1.0/detail/aka2026smpklv.geojson","felt":null,"cdi":null,"mmi":null,"alert":null,"status":"automatic","tsunami":0,"sig":129,"net":"ak","code":"a2026smpklv","ids":",aka2026smpklv,","sources":",ak,","types":",origin,phase-data,","nst":97,"dmin":0.6,"rms":0.6,"gap":148,"magType":"ml","type":"earthquake","title":"M 2.9 - 60 km ENE of Ouzinkie, Alaska"},"geometry":{"type":"Point","coordinates":[-151.577,58.156,14.5]},"id":"aka2026smpklv"},
{"type":"Feature","properties":{"mag":2.61,"place":"17 km W of Petrolia, CA","time":1789706393260,"updated":1789712844474,"tz":null,"url":"https://earthquake.usgs.gov/earthquakes/eventpage/nc75437647","detail":"https://earthquake.usgs.gov/earthquakes/feed/v1.0/detail/nc75437647.geojson","felt":null,"cdi":null,"mmi":null,"alert":null,"status":"automatic","tsunami":0,"sig":105,"net":"nc","code":"75437647","ids":",nc75437647,","sources":",nc,","types":",nearby-cities,origin,phase-data,scitech-link,","nst":23,"dmin":0.1102,"rms":0.13,"gap":263,"magType":"md","type":"earthquake","title":"M 2.6 - 17 km W of Petrolia, CA"},"geometry":{"type":"Point","coordinates":[-124.486503601074,40.2944984436035,8.61999988555908]},"id":"nc75437647"},
{"type":"Feature","properties":{"mag":3.39,"place":"62 km W of Rincón, Puerto Rico","time":1789704277500,"updated":1789749168140,"tz":null,"url":"https://earthquake.usgs.gov/earthquakes/eventpage/pr2026261001","detail":"https://earthquake.usgs.gov/earthquakes/feed/v1.0/detail/pr2026261001.geojson","felt":null,"cdi":null,"mmi":null,"alert":null,"status":"reviewed","tsunami":0,"sig":177,"net":"pr","code":"2026261001","ids":",pr2026261001,","sources":",pr,","types":",origin,phase-data,","nst":11,"dmin":0.7539,"rms":0.39,"gap":179,"magType":"md","type":"earthquake","title":"M 3.4 - 62 km W of Rincón, Puerto Rico"},"geometry":{"type":"Point","coordinates":[-67.8398,18.274,116]},"id":"pr2026261001"},
{"type":"Feature","properties":{"mag":2.48,"place":"7 km SSE of Maria Antonia, Puerto Rico","time":1789704211170,"updated":1789707448700,"tz":null,"url":"https://earthquake.usgs.gov/earthquakes/eventpage/pr71532113","detail":"https://earthquake.usgs.gov/earthquakes/feed/v1.0/detail/pr71532113.geojson","felt":null,"cdi":null,"mmi":null,"alert":null,"status":"reviewed","tsunami":0,"sig":95,"net":"pr","code":"71532113","ids":",pr71532113,","sources":",pr,","types":",origin,phase-data,","nst":8,"dmin":0.06056,"rms":0.32,"gap":223,"magType":"md","type":"earthquake","title":"M 2.5 - 7 km SSE of Maria Antonia, Puerto Rico"},"geometry":{"type":"Point","coordinates":[-66.851,17.9205,6.37]},"id":"pr71532113"},
{"type":"Feature","properties":{"mag":3.08,"place":"16 km SE of Esperanza, Puerto Rico","time":1789703824460,"updated":1789711725940,"tz":null,"url":"https://earthquake.usgs.gov/earthquakes/eventpage/pr71532098","detail":"https://earthquake.usgs.gov/earthquakes/feed/v1.0/detail/pr71532098.geojson","felt":null,"cdi":null,"mmi":null,"alert":null,"status":"reviewed","tsunami":0,"sig":146,"net":"pr","code":"71532098","ids":",pr71532098,","sources":",pr,","types":",origin,phase-data,","nst":14,"dmin":0.3334,"rms":0.43,"gap":158,"magType":"md","type":"earthquake","title":"M 3.1 - 16 km SE of Esperanza, Puerto Rico"},"geometry":{"type":"Point","coordinates":[-65.3753333333333,17.9841666666667,9.8]},"id":"pr71532098"},
{"type":"Feature","properties":{"mag":2.5,"place":"18 km N of Cooper Landing, Alaska","time":1789699633415,"updated":1789709658330,"tz":null,"url":"https://earthquake.usgs.gov/earthquakes/eventpage/aka2026smlgtq","detail":"https://earthquake.usgs.gov/earthquakes/feed/v1.0/detail/aka2026smlgtq.geojson","felt":1,"cdi":1,"mmi":null,"alert":null,"status":"automatic","tsunami":0,"sig":96,"net":"ak","code":"a2026smlgtq","ids":",aka2026smlgtq,","sources":",ak,","types":",dyfi,origin,phase-data,","nst":67,"dmin":0.4,"rms":0.8,"gap":45,"magType":"ml","type":"earthquake","title":"M 2.5 - 18 km N of Cooper Landing, Alaska"},"geometry":{"type":"Point","coordinates":[-149.792,60.658,24.7]},"id":"aka2026smlgtq"},
{"type":"Feature","properties":{"mag":4.5,"place":"Izu Islands, Japan region","time":1789697548463,"updated":1789699223040,"tz":null,"url":"https://earthquake.usgs.gov/earthquakes/eventpage/us7000ti79","detail":"https://earthquake.usgs.gov/earthquakes/feed/v1.0/detail/us7000ti79.geojson","felt":null,"cdi":null,"mmi":null,"alert":null,"status":"reviewed","tsunami":0,"sig":312,"net":"us","code":"7000ti79","ids":",us7000ti79,","sources":",us,","types":",origin,phase-data,","nst":53,"dmin":4.665,"rms":0.49,"gap":134,"magType":"mb","type":"earthquake","title":"M 4.5 - Izu Islands, Japan region"},"geometry":{"type":"Point","coordinates":[141.3761,32.3401,36.296]},"id":"us7000ti79"},
{"type":"Feature","properties":{"mag":4.1,"place":"40 km N of Ishqoshim, Tajikistan","time":1789694941643,"updated":1789698799040,"tz":null,"url":"https://earthquake.usgs.gov/earthquakes/eventpage/us7000ti74","detail":"https://earthquake.usgs.gov/earthquakes/feed/v1.0/detail/us7000ti74.geojson","felt":null,"cdi":null,"mmi":null,"alert":null,"status":"reviewed","tsunami":0,"sig":259,"net":"us","code":"7000ti74","ids":",us7000ti74,","sources":",us,","types":",origin,phase-data,","nst":37,"dmin":1.432,"rms":0.64,"gap":101,"magType":"mb","type":"earthquake","title":"M 4.1 - 40 km N of Ishqoshim, Tajikistan"},"geometry":{"type":"Point","coordinates":[71.5498,37.0863,106.028]},"id":"us7000ti74"},
{"type":"Feature","properties":{"mag":3.8,"place":"95 km SSW of Nikolski, Alaska","time":1789693660851,"updated":1789698007040,"tz":null,"url":"https://earthquake.usgs.gov/earthquakes/eventpage/us7000ti78","detail":"https://earthquake.usgs.gov/earthquakes/feed/v1.0/detail/us7000ti78.geojson","felt":null,"cdi":null,"mmi":2.181,"alert":null,"status":"reviewed","tsunami":0,"sig":222,"net":"us","code":"7000ti78","ids":",aka2026smhykh,us7000ti78,","sources":",ak,us,","types":",origin,phase-data,shakemap,","nst":36,"dmin":0.733,"rms":1.13,"gap":208,"magType":"mb","type":"earthquake","title":"M 3.8 - 95 km SSW of Nikolski, Alaska"},"geometry":{"type":"Point","coordinates":[-169.2494,52.1148,24.885]},"id":"us7000ti78"},
{"type":"Feature","properties":{"mag":4.6,"place":"20 km ESE of Tsunō, Japan","time":1789693650435,"updated":1789694911040,"tz":null,"url":"https://earthquake.usgs.gov/earthquakes/eventpage/us7000ti70","detail":"https://earthquake.usgs.gov/earthquakes/feed/v1.0/detail/us7000ti70.geojson","felt":null,"cdi":null,"mmi":null,"alert":null,"status":"reviewed","tsunami":0,"sig":326,"net":"us","code":"7000ti70","ids":",us7000ti70,","sources":",us,","types":",origin,phase-data,","nst":34,"dmin":1.284,"rms":1.03,"gap":128,"magType":"mb","type":"earthquake","title":"M 4.6 - 20 km ESE of Tsunō, Japan"},"geometry":{"type":"Point","coordinates":[131.754,32.1616,53.945]},"id":"us7000ti70"},
{"type":"Feature","properties":{"mag":2.7,"place":"80 km ENE of Ouzinkie, Alaska","time":1789688680392,"updated":1789691486040,"tz":null,"url":"https://earthquake.usgs.gov/earthquakes/eventpage/aka2026smfeoh","detail":"https://earthquake.usgs.gov/earthquakes/feed/v1.0/detail/aka2026smfeoh.geojson","felt":null,"cdi":null,"mmi":null,"alert":null,"status":"automatic","tsunami":0,"sig":112,"net":"ak","code":"a2026smfeoh","ids":",us7000ti6h,aka2026smfeoh,","sources":",us,ak,","types":",origin,phase-data,","nst":91,"dmin":0.7,"rms":0.6,"gap":152,"magType":"ml","type":"earthquake","title":"M 2.7 - 80 km ENE of Ouzinkie, Alaska"},"geometry":{"type":"Point","coordinates":[-151.297,58.256,13.1]},"id":"aka2026smfeoh"},
{"type":"Feature","properties":{"mag":3.66,"place":"26 km SW of Boca de Yuma, Dominican Republic","time":1789688005160,"updated":1789698749040,"tz":null,"url":"https://earthquake.usgs.gov/earthquakes/eventpage/pr2026260000","detail":"https://earthquake.usgs.gov/earthquakes/feed/v1.0/detail/pr2026260000.geojson","felt":null,"cdi":null,"mmi":null,"alert":null,"status":"reviewed","tsunami":0,"sig":206,"net":"pr","code":"2026260000","ids":",us7000ti76,pr2026260000,","sources":",us,pr,","types":",origin,phase-data,","nst":8,"dmin":0.5011,"rms":0.47,"gap":219,"magType":"md","type":"earthquake","title":"M 3.7 - 26 km SW of Boca de Yuma, Dominican Republic"},"geometry":{"type":"Point","coordinates":[-68.7766,18.2058,147]},"id":"pr2026260000"},
{"type":"Feature","properties":{"mag":2.8,"place":"10 km SE of Anchorage, Alaska","time":1789687645566,"updated":1789700515301,"tz":null,"url":"https://earthquake.usgs.gov/earthquakes/eventpage/aka2026smepok","detail":"https://earthquake.usgs.gov/earthquakes/feed/v1.0/detail/aka2026smepok.geojson","felt":26,"cdi":2.3,"mmi":null,"alert":null,"status":"automatic","tsunami":0,"sig":127,"net":"ak","code":"a2026smepok","ids":",aka2026smepok,us7000ti6c,","sources":",ak,us,","types":",dyfi,origin,phase-data,","nst":119,"dmin":0.5,"rms":1.1,"gap":68,"magType":"ml","type":"earthquake","title":"M 2.8 - 10 km SE of Anchorage, Alaska"},"geometry":{"type":"Point","coordinates":[-149.771,61.148,7.7]},"id":"aka2026smepok"},
{"type":"Feature","properties":{"mag":4.2,"place":"59 km NE of María Elena, Chile","time":1789683101970,"updated":1789696728040,"tz":null,"url":"https://earthquake.usgs.gov/earthquakes/eventpage/us7000ti67","detail":"https://earthquake.usgs.gov/earthquakes/feed/v1.0/detail/us7000ti67.geojson","felt":null,"cdi":null,"mmi":null,"alert":null,"status":"reviewed","tsunami":0,"sig":271,"net":"us","code":"7000ti67","ids":",us7000ti67,","sources":",us,","types":",origin,phase-data,","nst":23,"dmin":0.16,"rms":0.71,"gap":73,"magType":"mb","type":"earthquake","title":"M 4.2 - 59 km NE of María Elena, Chile"},"geometry":{"type":"Point","coordinates":[-69.2656,-21.9554,82.728]},"id":"us7000ti67"},
{"type":"Feature","properties":{"mag":2.7,"place":"55 km SSW of Whites City, New Mexico","time":1789680483994,"updated":1789681208309,"tz":null,"url":"https://earthquake.usgs.gov/earthquakes/eventpage/tx2026sjbtxd","detail":"https://earthquake.usgs.gov/earthquakes/feed/v1.0/detail/tx2026sjbtxd.geojson","felt":null,"cdi":null,"mmi":null,"alert":null,"status":"reviewed","tsunami":0,"sig":112,"net":"tx","code":"2026sjbtxd","ids":",us7000ti63,tx2026sjbtxd,","sources":",us,tx,","types":",origin,phase-data,","nst":24,"dmin":0,"rms":0.2,"gap":68,"magType":"ml","type":"earthquake","title":"M 2.7 - 55 km SSW of Whites City, New Mexico"},"geometry":{"type":"Point","coordinates":[-104.539,31.696,4.2542]},"id":"tx2026sjbtxd"},
{"type":"Feature","properties":{"mag":4.7,"place":"24 km SW of Sipí, Colombia","time":1789679425572,"updated":1789713299836,"tz":null,"url":"https://earthquake.usgs.gov/earthquakes/eventpage/us7000ti5y","detail":"https://earthquake.usgs.gov/earthquakes/feed/v1.0/detail/us7000ti5y.geojson","felt":4,"cdi":3.1,"mmi":null,"alert":null,"status":"reviewed","tsunami":0,"sig":341,"net":"us","code":"7000ti5y","ids":",us7000ti5y,","sources":",us,","types":",dyfi,origin,phase-data,","nst":75,"dmin":2.1,"rms":0.92,"gap":91,"magType":"mb","type":"earthquake","title":"M 4.7 - 24 km SW of Sipí, Colombia"},"geometry":{"type":"Point","coordinates":[-76.8219,4.5211,57.808]},"id":"us7000ti5y"},
{"type":"Feature","properties":{"mag":2.94,"place":"4 km SSE of Compton, CA","time":1789677149830,"updated":1789885261035,"tz":null,"url":"https://earthquake.usgs.gov/earthquakes/eventpage/ci41334231","detail":"https://earthquake.usgs.gov/earthquakes/feed/v1.0/detail/ci41334231.geojson","felt":516,"cdi":3.1,"mmi":3.359,"alert":null,"status":"reviewed","tsunami":0,"sig":293,"net":"ci","code":"41334231","ids":",ci41334231,us7000ti5w,","sources":",ci,us,","types":",dyfi,focal-mechanism,nearby-cities,origin,phase-data,scitech-link,shakemap,","nst":128,"dmin":0.03114,"rms":0.26,"gap":39,"magType":"ml","type":"earthquake","title":"M 2.9 - 4 km SSE of Compton, CA"},"geometry":{"type":"Point","coordinates":[-118.2075,33.8646666666667,13.23]},"id":"ci41334231"},
{"type":"Feature","properties":{"mag":4.6,"place":"223 km W of Tual, Indonesia","time":1789676626165,"updated":1789754069040,"tz":null,"url":"https://earthquake.usgs.gov/earthquakes/eventpage/us7000ti5v","detail":"https://earthquake.usgs.gov/earthquakes/feed/v1.0/detail/us7000ti5v.geojson","felt":null,"cdi":null,"mmi":null,"alert":null,"status":"reviewed","tsunami":0,"sig":326,"net":"us","code":"7000ti5v","ids":",us7000ti5v,","sources":",us,","types":",origin,phase-data,","nst":50,"dmin":7.123,"rms":0.62,"gap":71,"magType":"mb","type":"earthquake","title":"M 4.6 - 223 km W of Tual, Indonesia"},"geometry":{"type":"Point","coordinates":[130.7378,-5.6852,73.566]},"id":"us7000ti5v"},
{"type":"Feature","properties":{"mag":4.9,"place":"northern Mid-Atlantic Ridge","time":1789672746799,"updated":1789674019040,"tz":null,"url":"https://earthquake.usgs.gov/earthquakes/eventpage/us7000ti5b","detail":"https://earthquake.usgs.gov/earthquakes/feed/v1.0/detail/us7000ti5b.geojson","felt":null,"cdi":null,"mmi":null,"alert":null,"status":"reviewed","tsunami":0,"sig":369,"net":"us","code":"7000ti5b","ids":",us7000ti5b,","sources":",us,","types":",origin,phase-data,","nst":81,"dmin":15.726,"rms":0.51,"gap":77,"magType":"mb","type":"earthquake","title":"M 4.9 - northern Mid-Atlantic Ridge"},"geometry":{"type":"Point","coordinates":[-42.1489,30.1619,10]},"id":"us7000ti5b"},
{"type":"Feature","properties":{"mag":4.5,"place":"204 km SW of Labuan, Indonesia","time":1789672653000,"updated":1789675770040,"tz":null,"url":"https://earthquake.usgs.gov/earthquakes/eventpage/us7000ti5c","detail":"https://earthquake.usgs.gov/earthquakes/feed/v1.0/detail/us7000ti5c.geojson","felt":null,"cdi":null,"mmi":null,"alert":null,"status":"reviewed","tsunami":0,"sig":312,"net":"us","code":"7000ti5c","ids":",us7000ti5c,","sources":",us,","types":",origin,phase-data,","nst":32,"dmin":2.905,"rms":1.11,"gap":131,"magType":"mb","type":"earthquake","title":"M 4.5 - 204 km SW of Labuan, Indonesia"},"geometry":{"type":"Point","coordinates":[104.5828,-7.7411,10]},"id":"us7000ti5c"},
{"type":"Feature","properties":{"mag":2.5,"place":"65 km SW of Karluk, Alaska","time":1789670321308,"updated":1789670519642,"tz":null,"url":"https://earthquake.usgs.gov/earthquakes/eventpage/aka2026sluzec","detail":"https://earthquake.usgs.gov/earthquakes/feed/v1.0/detail/aka2026sluzec.geojson","felt":null,"cdi":null,"mmi":null,"alert":null,"status":"automatic","tsunami":0,"sig":96,"net":"ak","code":"a2026sluzec","ids":",aka2026sluzec,","sources":",ak,","types":",origin,phase-data,","nst":65,"dmin":0.6,"rms":0.6,"gap":154,"magType":"ml","type":"earthquake","title":"M 2.5 - 65 km SW of Karluk, Alaska"},"geometry":{"type":"Point","coordinates":[-155.347,57.229,54.6]},"id":"aka2026sluzec"},
{"type":"Feature","properties":{"mag":2.59,"place":"2 km ENE of Aromas, CA","time":1789668863190,"updated":1789672941063,"tz":null,"url":"https://earthquake.usgs.gov/earthquakes/eventpage/nc75437317","detail":"https://earthquake.usgs.gov/earthquakes/feed/v1.0/detail/nc75437317.geojson","felt":null,"cdi":null,"mmi":null,"alert":null,"status":"automatic","tsunami":0,"sig":103,"net":"nc","code":"75437317","ids":",nc75437317,","sources":",nc,","types":",nearby-cities,origin,phase-data,scitech-link,","nst":8,"dmin":0.02263,"rms":0.04,"gap":86,"magType":"md","type":"earthquake","title":"M 2.6 - 2 km ENE of Aromas, CA"},"geometry":{"type":"Point","coordinates":[-121.617668151855,36.8938331604004,0.550000011920929]},"id":"nc75437317"},
{"type":"Feature","properties":{"mag":3,"place":"168 km SW of Nikolski, Alaska","time":1789662828898,"updated":1790044360635,"tz":null,"url":"https://earthquake.usgs.gov/earthquakes/eventpage/aka2026slqvhj","detail":"https://earthquake.usgs.gov/earthquakes/feed/v1.0/detail/aka2026slqvhj.geojson","felt":null,"cdi":null,"mmi":null,"alert":null,"status":"reviewed","tsunami":0,"sig":138,"net":"ak","code":"a2026slqvhj","ids":",aka2026slqvhj,","sources":",ak,","types":",origin,phase-data,","nst":14,"dmin":1,"rms":0.9,"gap":221,"magType":"ml","type":"earthquake","title":"M 3.0 - 168 km SW of Nikolski, Alaska"},"geometry":{"type":"Point","coordinates":[-170.895,52.073,107.9]},"id":"aka2026slqvhj"},
{"type":"Feature","properties":{"mag":3.2,"place":"162 km WSW of Nikolski, Alaska","time":1789661081701,"updated":1790043841891,"tz":null,"url":"https://earthquake.usgs.gov/earthquakes/eventpage/aka2026slpvqi","detail":"https://earthquake.usgs.gov/earthquakes/feed/v1.0/detail/aka2026slpvqi.geojson","felt":null,"cdi":null,"mmi":null,"alert":null,"status":"reviewed","tsunami":0,"sig":158,"net":"ak","code":"a2026slpvqi","ids":",aka2026slpvqi,","sources":",ak,","types":",origin,phase-data,","nst":31,"dmin":0.9,"rms":0.6,"gap":208,"magType":"ml","type":"earthquake","title":"M 3.2 - 162 km WSW of Nikolski, Alaska"},"geometry":{"type":"Point","coordinates":[-170.93,52.207,113.1]},"id":"aka2026slpvqi"},
{"type":"Feature","properties":{"mag":4.6,"place":"24 km W of Osorno, Chile","time":1789660278436,"updated":1789743512179,"tz":null,"url":"https://earthquake.usgs.gov/earthquakes/eventpage/us7000ti3n","detail":"https://earthquake.usgs.gov/earthquakes/feed/v1.0/detail/us7000ti3n.geojson","felt":1,"cdi":2.2,"mmi":null,"alert":null,"status":"reviewed","tsunami":0,"sig":326,"net":"us","code":"7000ti3n","ids":",us7000ti3n,","sources":",us,","types":",dyfi,origin,phase-data,","nst":27,"dmin":0.67,"rms":0.95,"gap":141,"magType":"mb","type":"earthquake","title":"M 4.6 - 24 km W of Osorno, Chile"},"geometry":{"type":"Point","coordinates":[-73.4257,-40.5514,61.766]},"id":"us7000ti3n"},
{"type":"Feature","properties":{"mag":2.7,"place":"40 km ESE of Malaga, New Mexico","time":1789657456188,"updated":1789675141040,"tz":null,"url":"https://earthquake.usgs.gov/earthquakes/eventpage/tx2026sipbbo","detail":"https://earthquake.usgs.gov/earthquakes/feed/v1.0/detail/tx2026sipbbo.geojson","felt":null,"cdi":null,"mmi":null,"alert":null,"status":"reviewed","tsunami":0,"sig":112,"net":"tx","code":"2026sipbbo","ids":",us7000ti2c,tx2026sipbbo,","sources":",us,tx,","types":",origin,phase-data,","nst":36,"dmin":0,"rms":0.2,"gap":39,"magType":"ml","type":"earthquake","title":"M 2.7 - 40 km ESE of Malaga, New Mexico"},"geometry":{"type":"Point","coordinates":[-103.679,32.074,7.7533]},"id":"tx2026sipbbo"},
{"type":"Feature","properties":{"mag":3.8,"place":"166 km W of Nikolski, Alaska","time":1789656403544,"updated":1789742619040,"tz":null,"url":"https://earthquake.usgs.gov/earthquakes/eventpage/us7000ti2h","detail":"https://earthquake.usgs.gov/earthquakes/feed/v1.0/detail/us7000ti2h.geojson","felt":null,"cdi":null,"mmi":1.86,"alert":null,"status":"reviewed","tsunami":0,"sig":222,"net":"us","code":"7000ti2h","ids":",aka2026slngie,us7000ti2h,","sources":",ak,us,","types":",origin,phase-data,shakemap,","nst":20,"dmin":0.792,"rms":0.7,"gap":156,"magType":"ml","type":"earthquake","title":"M 3.8 - 166 km W of Nikolski, Alaska"},"geometry":{"type":"Point","coordinates":[-171.3302,52.8617,97.508]},"id":"us7000ti2h"},
{"type":"Feature","properties":{"mag":2.8,"place":"114 km WSW of Elfin Cove, Alaska","time":1789656279218,"updated":1790043290198,"tz":null,"url":"https://earthquake.usgs.gov/earthquakes/eventpage/aka2026slnegf","detail":"https://earthquake.usgs.gov/earthquakes/feed/v1.0/detail/aka2026slnegf.geojson","felt":null,"cdi":null,"mmi":null,"alert":null,"status":"reviewed","tsunami":0,"sig":121,"net":"ak","code":"a2026slnegf","ids":",aka2026slnegf,","sources":",ak,","types":",origin,phase-data,","nst":23,"dmin":1.1,"rms":0.8,"gap":192,"magType":"ml","type":"earthquake","title":"M 2.8 - 114 km WSW of Elfin Cove, Alaska"},"geometry":{"type":"Point","coordinates":[-138.245,57.968,3.9]},"id":"aka2026slnegf"},
{"type":"Feature","properties":{"mag":4.1,"place":"173 km W of Nikolski, Alaska","time":1789655982037,"updated":1789741764040,"tz":null,"url":"https://earthquake.usgs.gov/earthquakes/eventpage/us7000ti2f","detail":"https://earthquake.usgs.gov/earthquakes/feed/v1.0/detail/us7000ti2f.geojson","felt":null,"cdi":null,"mmi":1.801,"alert":null,"status":"reviewed","tsunami":0,"sig":259,"net":"us","code":"7000ti2f","ids":",aka2026slmzxy,us7000ti2f,","sources":",ak,us,","types":",origin,phase-data,shakemap,","nst":30,"dmin":0.853,"rms":1.3,"gap":163,"magType":"mb","type":"earthquake","title":"M 4.1 - 173 km W of Nikolski, Alaska"},"geometry":{"type":"Point","coordinates":[-171.4285,52.8259,97.243]},"id":"us7000ti2f"},
{"type":"Feature","properties":{"mag":3.5,"place":"163 km W of Nikolski, Alaska","time":1789655662119,"updated":1789739769040,"tz":null,"url":"https://earthquake.usgs.gov/earthquakes/eventpage/us7000ti2d","detail":"https://earthquake.usgs.gov/earthquakes/feed/v1.0/detail/us7000ti2d.geojson","felt":null,"cdi":null,"mmi":1.97,"alert":null,"status":"reviewed","tsunami":0,"sig":188,"net":"us","code":"7000ti2d","ids":",aka2026slmvhn,us7000ti2d,","sources":",ak,us,","types":",origin,phase-data,shakemap,","nst":21,"dmin":0.762,"rms":0.46,"gap":167,"magType":"ml","type":"earthquake","title":"M 3.5 - 163 km W of Nikolski, Alaska"},"geometry":{"type":"Point","coordinates":[-171.278,52.8272,95.078]},"id":"us7000ti2d"},
{"type":"Feature","properties":{"mag":6.5,"place":"169 km W of Nikolski, Alaska","time":1789654792210,"updated":1790000997823,"tz":null,"url":"https://earthquake.usgs.gov/earthquakes/eventpage/us7000ti1p","detail":"https://earthquake.usgs.gov/earthquakes/feed/v1.0/detail/us7000ti1p.geojson","felt":8,"cdi":3.4,"mmi":4.983,"alert":"green","status":"reviewed","tsunami":1,"sig":653,"net":"us","code":"7000ti1p","ids":",attliih5,aka2026slmipb,us7000ti1p,","sources":",at,ak,us,","types":",dyfi,event-sequence,ground-failure,impact-link,losspager,moment-tensor,oaf,origin,phase-data,shakemap,","nst":147,"dmin":0.82,"rms":1.15,"gap":29,"magType":"mww","type":"earthquake","title":"M 6.5 - 169 km W of Nikolski, Alaska"},"geometry":{"type":"Point","coordinates":[-171.3756,52.8594,98]},"id":"us7000ti1p"},
{"type":"Feature","properties":{"mag":4.7,"place":"107 km SE of Vilyuchinsk, Russia","time":1789651849254,"updated":1789653727040,"tz":null,"url":"https://earthquake.usgs.gov/earthquakes/eventpage/us7000ti1h","detail":"https://earthquake.usgs.gov/earthquakes/feed/v1.0/detail/us7000ti1h.geojson","felt":null,"cdi":null,"mmi":null,"alert":null,"status":"reviewed","tsunami":0,"sig":340,"net":"us","code":"7000ti1h","ids":",us7000ti1h,","sources":",us,","types":",origin,phase-data,","nst":53,"dmin":1.403,"rms":0.8,"gap":134,"magType":"mb","type":"earthquake","title":"M 4.7 - 107 km SE of Vilyuchinsk, Russia"},"geometry":{"type":"Point","coordinates":[159.4975,52.2326,57.425]},"id":"us7000ti1h"},
{"type":"Feature","properties":{"mag":2.5,"place":"94 km SSE of Sand Point, Alaska","time":1789650717284,"updated":1790042690214,"tz":null,"url":"https://earthquake.usgs.gov/earthquakes/eventpage/aka2026slkbzs","detail":"https://earthquake.usgs.gov/earthquakes/feed/v1.0/detail/aka2026slkbzs.geojson","felt":null,"cdi":null,"mmi":null,"alert":null,"status":"reviewed","tsunami":0,"sig":96,"net":"ak","code":"a2026slkbzs","ids":",aka2026slkbzs,","sources":",ak,","types":",origin,phase-data,","nst":23,"dmin":1.3,"rms":0.5,"gap":255,"magType":"ml","type":"earthquake","title":"M 2.5 - 94 km SSE of Sand Point, Alaska"},"geometry":{"type":"Point","coordinates":[-159.806,54.589,1.4]},"id":"aka2026slkbzs"},
{"type":"Feature","properties":{"mag":4.2,"place":"37 km ENE of Nelson, Canada","time":1789648297057,"updated":1789798385322,"tz":null,"url":"https://earthquake.usgs.gov/earthquakes/eventpage/us7000ti15","detail":"https://earthquake.usgs.gov/earthquakes/feed/v1.0/detail/us7000ti15.geojson","felt":108,"cdi":4,"mmi":4.109,"alert":"green","status":"reviewed","tsunami":0,"sig":315,"net":"us","code":"7000ti15","ids":",us7000ti15,","sources":",us,","types":",dyfi,losspager,moment-tensor,origin,phase-data,shakemap,","nst":36,"dmin":0.99,"rms":0.94,"gap":69,"magType":"ml","type":"earthquake","title":"M 4.2 - 37 km ENE of Nelson, Canada"},"geometry":{"type":"Point","coordinates":[-116.8318,49.6652,10]},"id":"us7000ti15"},
{"type":"Feature","properties":{"mag":3.06,"place":"8 km NW of Puerto Real, Puerto Rico","time":1789646863260,"updated":1789648233350,"tz":null,"url":"https://earthquake.usgs.gov/earthquakes/eventpage/pr71532018","detail":"https://earthquake.usgs.gov/earthquakes/feed/v1.0/detail/pr71532018.geojson","felt":null,"cdi":null,"mmi":null,"alert":null,"status":"reviewed","tsunami":0,"sig":144,"net":"pr","code":"71532018","ids":",pr71532018,","sources":",pr,","types":",origin,phase-data,","nst":16,"dmin":0.1364,"rms":0.1,"gap":250,"magType":"md","type":"earthquake","title":"M 3.1 - 8 km NW of Puerto Real, Puerto Rico"},"geometry":{"type":"Point","coordinates":[-67.2521666666667,18.1261666666667,56.5]},"id":"pr71532018"},
{"type":"Feature","properties":{"mag":2.9,"place":"102 km SSE of Sand Point, Alaska","time":1789645844348,"updated":1790037571639,"tz":null,"url":"https://earthquake.usgs.gov/earthquakes/eventpage/aka2026slhjnh","detail":"https://earthquake.usgs.gov/earthquakes/feed/v1.0/detail/aka2026slhjnh.geojson","felt":null,"cdi":null,"mmi":null,"alert":null,"status":"reviewed","tsunami":0,"sig":129,"net":"ak","code":"a2026slhjnh","ids":",aka2026slhjnh,","sources":",ak,","types":",origin,phase-data,","nst":26,"dmin":1.3,"rms":0.6,"gap":225,"magType":"ml","type":"earthquake","title":"M 2.9 - 102 km SSE of Sand Point, Alaska"},"geometry":{"type":"Point","coordinates":[-159.89,54.488,29.8]},"id":"aka2026slhjnh"},
{"type":"Feature","properties":{"mag":2.5,"place":"57 km S of Whites City, New Mexico","time":1789637673358,"updated":1789661078641,"tz":null,"url":"https://earthquake.usgs.gov/earthquakes/eventpage/tx2026siects","detail":"https://earthquake.usgs.gov/earthquakes/feed/v1.0/detail/tx2026siects.geojson","felt":null,"cdi":null,"mmi":null,"alert":null,"status":"reviewed","tsunami":0,"sig":96,"net":"tx","code":"2026siects","ids":",us7000ti0d,tx2026siects,","sources":",us,tx,","types":",origin,phase-data,","nst":42,"dmin":0,"rms":0.3,"gap":66,"magType":"ml","type":"earthquake","title":"M 2.5 - 57 km S of Whites City, New Mexico"},"geometry":{"type":"Point","coordinates":[-104.453,31.665,6.0999]},"id":"tx2026siects"},
{"type":"Feature","properties":{"mag":2.7,"place":"101 km SSW of Nikolski, Alaska","time":1789636314086,"updated":1790031369342,"tz":null,"url":"https://earthquake.usgs.gov/earthquakes/eventpage/aka2026slccbr","detail":"https://earthquake.usgs.gov/earthquakes/feed/v1.0/detail/aka2026slccbr.geojson","felt":null,"cdi":null,"mmi":null,"alert":null,"status":"reviewed","tsunami":0,"sig":112,"net":"ak","code":"a2026slccbr","ids":",aka2026slccbr,","sources":",ak,","types":",origin,phase-data,","nst":14,"dmin":0.8,"rms":0.6,"gap":292,"magType":"ml","type":"earthquake","title":"M 2.7 - 101 km SSW of Nikolski, Alaska"},"geometry":{"type":"Point","coordinates":[-169.19,52.047,14.4]},"id":"aka2026slccbr"},
{"type":"Feature","properties":{"mag":4.5,"place":"78 km NW of Maumere, Indonesia","time":1789633705582,"updated":1789637039040,"tz":null,"url":"https://earthquake.usgs.gov/earthquakes/eventpage/us7000ti03","detail":"https://earthquake.usgs.gov/earthquakes/feed/v1.0/detail/us7000ti03.geojson","felt":null,"cdi":null,"mmi":null,"alert":null,"status":"reviewed","tsunami":0,"sig":312,"net":"us","code":"7000ti03","ids":",us7000ti03,","sources":",us,","types":",origin,phase-data,","nst":15,"dmin":3.641,"rms":1.08,"gap":126,"magType":"mb","type":"earthquake","title":"M 4.5 - 78 km NW of Maumere, Indonesia"},"geometry":{"type":"Point","coordinates":[121.7079,-8.1138,10]},"id":"us7000ti03"},
{"type":"Feature","properties":{"mag":2.8,"place":"241 km SE of Chiniak, Alaska","time":1789633069552,"updated":1790029725057,"tz":null,"url":"https://earthquake.usgs.gov/earthquakes/eventpage/aka2026slahia","detail":"https://earthquake.usgs.gov/earthquakes/feed/v1.0/detail/aka2026slahia.geojson","felt":null,"cdi":null,"mmi":null,"alert":null,"status":"reviewed","tsunami":0,"sig":121,"net":"ak","code":"a2026slahia","ids":",aka2026slahia,","sources":",ak,","types":",origin,phase-data,","nst":30,"dmin":2.4,"rms":0.7,"gap":268,"magType":"ml","type":"earthquake","title":"M 2.8 - 241 km SE of Chiniak, Alaska"},"geometry":{"type":"Point","coordinates":[-149.685,55.977,5]},"id":"aka2026slahia"},
{"type":"Feature","properties":{"mag":3.05,"place":"1 km ENE of Indios, Puerto Rico","time":1789631787140,"updated":1789635506070,"tz":null,"url":"https://earthquake.usgs.gov/earthquakes/eventpage/pr71532008","detail":"https://earthquake.usgs.gov/earthquakes/feed/v1.0/detail/pr71532008.geojson","felt":null,"cdi":null,"mmi":null,"alert":null,"status":"reviewed","tsunami":0,"sig":143,"net":"pr","code":"71532008","ids":",pr71532008,","sources":",pr,","types":",origin,phase-data,","nst":16,"dmin":0.07044,"rms":0.17,"gap":141,"magType":"md","type":"earthquake","title":"M 3.1 - 1 km ENE of Indios, Puerto Rico"},"geometry":{"type":"Point","coordinates":[-66.8086666666667,17.9963333333333,12.07]},"id":"pr71532008"},
{"type":"Feature","properties":{"mag":5,"place":"South Atlantic Ocean","time":1789627721815,"updated":1789628856040,"tz":null,"url":"https://earthquake.usgs.gov/earthquakes/eventpage/us7000thzz","detail":"https://earthquake.usgs.gov/earthquakes/feed/v1.0/detail/us7000thzz.geojson","felt":null,"cdi":null,"mmi":null,"alert":null,"status":"reviewed","tsunami":0,"sig":385,"net":"us","code":"7000thzz","ids":",us7000thzz,","sources":",us,","types":",origin,phase-data,","nst":30,"dmin":22.722,"rms":0.46,"gap":61,"magType":"mb","type":"earthquake","title":"M 5.0 - South Atlantic Ocean"},"geometry":{"type":"Point","coordinates":[-20.3463,-22.5873,10]},"id":"us7000thzz"},
{"type":"Feature","properties":{"mag":5.3,"place":"191 km SE of Mata-Utu, Wallis and Futuna","time":1789627361657,"updated":1789628530040,"tz":null,"url":"https://earthquake.usgs.gov/earthquakes/eventpage/us7000thzw","detail":"https://earthquake.usgs.gov/earthquakes/feed/v1.0/detail/us7000thzw.geojson","felt":null,"cdi":null,"mmi":null,"alert":null,"status":"reviewed","tsunami":0,"sig":432,"net":"us","code":"7000thzw","ids":",us7000thzw,","sources":",us,","types":",origin,phase-data,","nst":35,"dmin":3.072,"rms":1.14,"gap":103,"magType":"mww","type":"earthquake","title":"M 5.3 - 191 km SE of Mata-Utu, Wallis and Futuna"},"geometry":{"type":"Point","coordinates":[-174.8957,-14.4792,10]},"id":"us7000thzw"},
{"type":"Feature","properties":{"mag":4.8,"place":"64 km SSE of Lakatoro, Vanuatu","time":1789626733046,"updated":1789627778040,"tz":null,"url":"https://earthquake.usgs.gov/earthquakes/eventpage/us7000thzs","detail":"https://earthquake.usgs.gov/earthquakes/feed/v1.0/detail/us7000thzs.geojson","felt":null,"cdi":null,"mmi":null,"alert":null,"status":"reviewed","tsunami":0,"sig":354,"net":"us","code":"7000thzs","ids":",us7000thzs,","sources":",us,","types":",origin,phase-data,","nst":17,"dmin":4.957,"rms":0.67,"gap":206,"magType":"mb","type":"earthquake","title":"M 4.8 - 64 km SSE of Lakatoro, Vanuatu"},"geometry":{"type":"Point","coordinates":[167.5571,-16.6626,36.726]},"id":"us7000thzs"},
{"type":"Feature","properties":{"mag":5.2,"place":"132 km E of Bitung, Indonesia","time":1789626048508,"updated":1789627069040,"tz":null,"url":"https://earthquake.usgs.gov/earthquakes/eventpage/us7000thzp","detail":"https://earthquake.usgs.gov/earthquakes/feed/v1.0/detail/us7000thzp.geojson","felt":null,"cdi":null,"mmi":null,"alert":null,"status":"reviewed","tsunami":0,"sig":416,"net":"us","code":"7000thzp","ids":",us7000thzp,","sources":",us,","types":",origin,phase-data,","nst":71,"dmin":17.056,"rms":0.96,"gap":87,"magType":"mb","type":"earthquake","title":"M 5.2 - 132 km E of Bitung, Indonesia"},"geometry":{"type":"Point","coordinates":[126.3092,1.3156,10]},"id":"us7000thzp"},
{"type":"Feature","properties":{"mag":3.33,"place":"75 km NE of Punta Cana, Dominican Republic","time":1789624025810,"updated":1789628297640,"tz":null,"url":"https://earthquake.usgs.gov/earthquakes/eventpage/pr71531988","detail":"https://earthquake.usgs.gov/earthquakes/feed/v1.0/detail/pr71531988.geojson","felt":null,"cdi":null,"mmi":null,"alert":null,"status":"reviewed","tsunami":0,"sig":171,"net":"pr","code":"71531988","ids":",pr71531988,","sources":",pr,","types":",origin,phase-data,","nst":13,"dmin":0.7223,"rms":0.32,"gap":264,"magType":"md","type":"earthquake","title":"M 3.3 - 75 km NE of Punta Cana, Dominican Republic"},"geometry":{"type":"Point","coordinates":[-67.9773333333333,19.1305,30.19]},"id":"pr71531988"},
{"type":"Feature","properties":{"mag":4.1,"place":"89 km SSE of Shima, Japan","time":1789623748784,"updated":1789636404040,"tz":null,"url":"https://earthquake.usgs.gov/earthquakes/eventpage/us7000thzf","detail":"https://earthquake.usgs.gov/earthquakes/feed/v1.0/detail/us7000thzf.geojson","felt":null,"cdi":null,"mmi":null,"alert":null,"status":"reviewed","tsunami":0,"sig":259,"net":"us","code":"7000thzf","ids":",us7000thzf,","sources":",us,","types":",origin,phase-data,","nst":42,"dmin":1.775,"rms":0.38,"gap":149,"magType":"mb","type":"earthquake","title":"M 4.1 - 89 km SSE of Shima, Japan"},"geometry":{"type":"Point","coordinates":[137.1734,33.5744,363.388]},"id":"us7000thzf"},
{"type":"Feature","properties":{"mag":2.5,"place":"98 km SE of Akutan, Alaska","time":1789622678681,"updated":1790010199300,"tz":null,"url":"https://earthquake.usgs.gov/earthquakes/eventpage/aka2026skumqs","detail":"https://earthquake.usgs.gov/earthquakes/feed/v1.0/detail/aka2026skumqs.geojson","felt":null,"cdi":null,"mmi":null,"alert":null,"status":"reviewed","tsunami":0,"sig":96,"net":"ak","code":"a2026skumqs","ids":",aka2026skumqs,","sources":",ak,","types":",origin,phase-data,","nst":16,"dmin":0.8,"rms":0.5,"gap":259,"magType":"ml","type":"earthquake","title":"M 2.5 - 98 km SE of Akutan, Alaska"},"geometry":{"type":"Point","coordinates":[-164.775,53.471,29.5]},"id":"aka2026skumqs"},
{"type":"Feature","properties":{"mag":4.6,"place":"31 km WSW of Puerto San José, Guatemala","time":1789622671312,"updated":1789636175040,"tz":null,"url":"https://earthquake.usgs.gov/earthquakes/eventpage/us7000thzd","detail":"https://earthquake.usgs.gov/earthquakes/feed/v1.0/detail/us7000thzd.geojson","felt":null,"cdi":null,"mmi":null,"alert":null,"status":"reviewed","tsunami":0,"sig":326,"net":"us","code":"7000thzd","ids":",us7000thzd,","sources":",us,","types":",origin,phase-data,","nst":36,"dmin":1.265,"rms":0.68,"gap":219,"magType":"mb","type":"earthquake","title":"M 4.6 - 31 km WSW of Puerto San José, Guatemala"},"geometry":{"type":"Point","coordinates":[-91.0771,13.7928,65.687]},"id":"us7000thzd"},
{"type":"Feature","properties":{"mag":3.7,"place":"178 km SE of Attu Station, Alaska","time":1789620960335,"updated":1790009816060,"tz":null,"url":"https://earthquake.usgs.gov/earthquakes/eventpage/aka2026sktohp","detail":"https://earthquake.usgs.gov/earthquakes/feed/v1.0/detail/aka2026sktohp.geojson","felt":null,"cdi":null,"mmi":1,"alert":null,"status":"reviewed","tsunami":0,"sig":211,"net":"ak","code":"a2026sktohp","ids":",aka2026sktohp,","sources":",ak,","types":",origin,phase-data,shakemap,","nst":12,"dmin":1.2,"rms":1,"gap":231,"magType":"ml","type":"earthquake","title":"M 3.7 - 178 km SE of Attu Station, Alaska"},"geometry":{"type":"Point","coordinates":[175.107,51.76,10]},"id":"aka2026sktohp"},
{"type":"Feature","properties":{"mag":5.3,"place":"155 km SSE of Hihifo, Tonga","time":1789618013528,"updated":1789619071040,"tz":null,"url":"https://earthquake.usgs.gov/earthquakes/eventpage/us7000thz3","detail":"https://earthquake.usgs.gov/earthquakes/feed/v1.0/detail/us7000thz3.geojson","felt":null,"cdi":null,"mmi":null,"alert":null,"status":"reviewed","tsunami":0,"sig":432,"net":"us","code":"7000thz3","ids":",us7000thz3,","sources":",us,","types":",origin,phase-data,","nst":69,"dmin":3.755,"rms":0.65,"gap":50,"magType":"mb","type":"earthquake","title":"M 5.3 - 155 km SSE of Hihifo, Tonga"},"geometry":{"type":"Point","coordinates":[-173.4476,-17.3232,10]},"id":"us7000thz3"},
{"type":"Feature","properties":{"mag":2.6,"place":"129 km NW of Arctic Village, Alaska","time":1789616769805,"updated":1790009332984,"tz":null,"url":"https://earthquake.usgs.gov/earthquakes/eventpage/aka2026skrfhp","detail":"https://earthquake.usgs.gov/earthquakes/feed/v1.0/detail/aka2026skrfhp.geojson","felt":null,"cdi":null,"mmi":null,"alert":null,"status":"reviewed","tsunami":0,"sig":104,"net":"ak","code":"a2026skrfhp","ids":",aka2026skrfhp,","sources":",ak,","types":",origin,phase-data,","nst":40,"dmin":0.5,"rms":0.8,"gap":68,"magType":"ml","type":"earthquake","title":"M 2.6 - 129 km NW of Arctic Village, Alaska"},"geometry":{"type":"Point","coordinates":[-147.592,69.017,3.6]},"id":"aka2026skrfhp"},
{"type":"Feature","properties":{"mag":2.62,"place":"21 km E of Alum Rock, CA","time":1789614463040,"updated":1790048555283,"tz":null,"url":"https://earthquake.usgs.gov/earthquakes/eventpage/nc75437042","detail":"https://earthquake.usgs.gov/earthquakes/feed/v1.0/detail/nc75437042.geojson","felt":5,"cdi":2.2,"mmi":null,"alert":null,"status":"automatic","tsunami":0,"sig":107,"net":"nc","code":"75437042","ids":",nc75437042,","sources":",nc,","types":",dyfi,focal-mechanism,nearby-cities,origin,phase-data,scitech-link,","nst":74,"dmin":0.03833,"rms":0.08,"gap":64,"magType":"md","type":"earthquake","title":"M 2.6 - 21 km E of Alum Rock, CA"},"geometry":{"type":"Point","coordinates":[-121.595169067383,37.3351669311523,6.30999994277954]},"id":"nc75437042"},
{"type":"Feature","properties":{"mag":2.8,"place":"242 km SW of Adak, Alaska","time":1789612570515,"updated":1790008646155,"tz":null,"url":"https://earthquake.usgs.gov/earthquakes/eventpage/aka2026skowmr","detail":"https://earthquake.usgs.gov/earthquakes/feed/v1.0/detail/aka2026skowmr.geojson","felt":null,"cdi":null,"mmi":null,"alert":null,"status":"reviewed","tsunami":0,"sig":121,"net":"ak","code":"a2026skowmr","ids":",aka2026skowmr,","sources":",ak,","types":",origin,phase-data,","nst":14,"dmin":1.1,"rms":0.8,"gap":258,"magType":"ml","type":"earthquake","title":"M 2.8 - 242 km SW of Adak, Alaska"},"geometry":{"type":"Point","coordinates":[-179.465,50.608,5]},"id":"aka2026skowmr"},
{"type":"Feature","properties":{"mag":2.5,"place":"64 km SE of Ugashik, Alaska","time":1789611231989,"updated":1790008210526,"tz":null,"url":"https://earthquake.usgs.gov/earthquakes/eventpage/aka2026skodhl","detail":"https://earthquake.usgs.gov/earthquakes/feed/v1.0/detail/aka2026skodhl.geojson","felt":null,"cdi":null,"mmi":null,"alert":null,"status":"reviewed","tsunami":0,"sig":96,"net":"ak","code":"a2026skodhl","ids":",us7000thyq,aka2026skodhl,","sources":",us,ak,","types":",origin,phase-data,","nst":54,"dmin":0.5,"rms":0.4,"gap":76,"magType":"ml","type":"earthquake","title":"M 2.5 - 64 km SE of Ugashik, Alaska"},"geometry":{"type":"Point","coordinates":[-156.589,57.13,97.8]},"id":"aka2026skodhl"},
{"type":"Feature","properties":{"mag":4.4,"place":"18 km SW of Sipí, Colombia","time":1789607569502,"updated":1789616438040,"tz":null,"url":"https://earthquake.usgs.gov/earthquakes/eventpage/us7000thyk","detail":"https://earthquake.usgs.gov/earthquakes/feed/v1.0/detail/us7000thyk.geojson","felt":null,"cdi":null,"mmi":null,"alert":null,"status":"reviewed","tsunami":0,"sig":298,"net":"us","code":"7000thyk","ids":",us7000thyk,","sources":",us,","types":",origin,phase-data,","nst":51,"dmin":2.047,"rms":0.75,"gap":101,"magType":"mb","type":"earthquake","title":"M 4.4 - 18 km SW of Sipí, Colombia"},"geometry":{"type":"Point","coordinates":[-76.7654,4.5449,58.798]},"id":"us7000thyk"},
{"type":"Feature","properties":{"mag":3.05,"place":"69 km NE of Cruz Bay, U.S. Virgin Islands","time":1789605816530,"updated":1789606607510,"tz":null,"url":"https://earthquake.usgs.gov/earthquakes/eventpage/pr71531968","detail":"https://earthquake.usgs.gov/earthquakes/feed/v1.0/detail/pr71531968.geojson","felt":null,"cdi":null,"mmi":null,"alert":null,"status":"reviewed","tsunami":0,"sig":143,"net":"pr","code":"71531968","ids":",pr71531968,","sources":",pr,","types":",origin,phase-data,","nst":5,"dmin":0.3398,"rms":0.29,"gap":302,"magType":"md","type":"earthquake","title":"M 3.1 - 69 km NE of Cruz Bay, U.S. Virgin Islands"},"geometry":{"type":"Point","coordinates":[-64.4005,18.8318333333333,24.25]},"id":"pr71531968"},
{"type":"Feature","properties":{"mag":2.5,"place":"120 km ESE of Perryville, Alaska","time":1789601321022,"updated":1789800860707,"tz":null,"url":"https://earthquake.usgs.gov/earthquakes/eventpage/aka2026skiqaw","detail":"https://earthquake.usgs.gov/earthquakes/feed/v1.0/detail/aka2026skiqaw.geojson","felt":null,"cdi":null,"mmi":null,"alert":null,"status":"reviewed","tsunami":0,"sig":96,"net":"ak","code":"a2026skiqaw","ids":",aka2026skiqaw,","sources":",ak,","types":",origin,phase-data,","nst":10,"dmin":1.1,"rms":0.5,"gap":317,"magType":"ml","type":"earthquake","title":"M 2.5 - 120 km ESE of Perryville, Alaska"},"geometry":{"type":"Point","coordinates":[-157.533,55.323,5]},"id":"aka2026skiqaw"},
{"type":"Feature","properties":{"mag":4.2,"place":"3 km NNE of Gostagayevskaya, Russia","time":1789597876831,"updated":1789655023117,"tz":null,"url":"https://earthquake.usgs.gov/earthquakes/eventpage/us7000thxx","detail":"https://earthquake.usgs.gov/earthquakes/feed/v1.0/detail/us7000thxx.geojson","felt":3,"cdi":3.4,"mmi":null,"alert":null,"status":"reviewed","tsunami":0,"sig":272,"net":"us","code":"7000thxx","ids":",us7000thxx,","sources":",us,","types":",dyfi,origin,phase-data,","nst":34,"dmin":3.872,"rms":0.71,"gap":48,"magType":"mb","type":"earthquake","title":"M 4.2 - 3 km NNE of Gostagayevskaya, Russia"},"geometry":{"type":"Point","coordinates":[37.5188,45.0513,10]},"id":"us7000thxx"},
{"type":"Feature","properties":{"mag":3.44,"place":"117 km N of Charlotte Amalie, U.S. Virgin Islands","time":1789596763820,"updated":1789685821040,"tz":null,"url":"https://earthquake.usgs.gov/earthquakes/eventpage/pr71531948","detail":"https://earthquake.usgs.gov/earthquakes/feed/v1.0/detail/pr71531948.geojson","felt":null,"cdi":null,"mmi":null,"alert":null,"status":"reviewed","tsunami":0,"sig":182,"net":"pr","code":"71531948","ids":",us7000thy1,pr71531948,","sources":",us,pr,","types":",origin,phase-data,","nst":15,"dmin":1.042,"rms":0.23,"gap":263,"magType":"md","type":"earthquake","title":"M 3.4 - 117 km N of Charlotte Amalie, U.S. Virgin Islands"},"geometry":{"type":"Point","coordinates":[-65.136,19.3861666666667,18.36]},"id":"pr71531948"},
{"type":"Feature","properties":{"mag":2.9,"place":"5 km SSW of Assaria, Kansas","time":1789595457961,"updated":1789664944499,"tz":null,"url":"https://earthquake.usgs.gov/earthquakes/eventpage/us7000thxt","detail":"https://earthquake.usgs.gov/earthquakes/feed/v1.0/detail/us7000thxt.geojson","felt":18,"cdi":4.3,"mmi":null,"alert":null,"status":"reviewed","tsunami":0,"sig":137,"net":"us","code":"7000thxt","ids":",us7000thxt,","sources":",us,","types":",dyfi,origin,phase-data,","nst":29,"dmin":0.643,"rms":0.38,"gap":85,"magType":"mb_lg","type":"earthquake","title":"M 2.9 - 5 km SSW of Assaria, Kansas"},"geometry":{"type":"Point","coordinates":[-97.6344,38.6386,9.714]},"id":"us7000thxt"},
{"type":"Feature","properties":{"mag":4.4,"place":"Balleny Islands region","time":1789594174162,"updated":1789894150040,"tz":null,"url":"https://earthquake.usgs.gov/earthquakes/eventpage/us7000tipy","detail":"https://earthquake.usgs.gov/earthquakes/feed/v1.0/detail/us7000tipy.geojson","felt":null,"cdi":null,"mmi":null,"alert":null,"status":"reviewed","tsunami":0,"sig":298,"net":"us","code":"7000tipy","ids":",us7000tipy,","sources":",us,","types":",origin,phase-data,","nst":14,"dmin":14.975,"rms":0.71,"gap":174,"magType":"mb","type":"earthquake","title":"M 4.4 - Balleny Islands region"},"geometry":{"type":"Point","coordinates":[166.1531,-62.6801,10]},"id":"us7000tipy"},
{"type":"Feature","properties":{"mag":4.7,"place":"27 km SW of Sipí, Colombia","time":1789592100902,"updated":1789596443040,"tz":null,"url":"https://earthquake.usgs.gov/earthquakes/eventpage/us7000thxm","detail":"https://earthquake.usgs.gov/earthquakes/feed/v1.0/detail/us7000thxm.geojson","felt":null,"cdi":null,"mmi":null,"alert":null,"status":"reviewed","tsunami":0,"sig":340,"net":"us","code":"7000thxm","ids":",us7000thxm,","sources":",us,","types":",origin,phase-data,","nst":99,"dmin":2.135,"rms":0.92,"gap":90,"magType":"mb","type":"earthquake","title":"M 4.7 - 27 km SW of Sipí, Colombia"},"geometry":{"type":"Point","coordinates":[-76.8006,4.46,51.459]},"id":"us7000thxm"},
{"type":"Feature","properties":{"mag":2.9,"place":"125 km WSW of Adak, Alaska","time":1789590730128,"updated":1789798438534,"tz":null,"url":"https://earthquake.usgs.gov/earthquakes/eventpage/aka2026skctac","detail":"https://earthquake.usgs.gov/earthquakes/feed/v1.0/detail/aka2026skctac.geojson","felt":null,"cdi":null,"mmi":null,"alert":null,"status":"reviewed","tsunami":0,"sig":129,"net":"ak","code":"a2026skctac","ids":",aka2026skctac,","sources":",ak,","types":",origin,phase-data,","nst":28,"dmin":0.5,"rms":0.5,"gap":205,"magType":"ml","type":"earthquake","title":"M 2.9 - 125 km WSW of Adak, Alaska"},"geometry":{"type":"Point","coordinates":[-178.194,51.302,10.6]},"id":"aka2026skctac"},
{"type":"Feature","properties":{"mag":5.1,"place":"190 km ESE of Kimbe, Papua New Guinea","time":1789590084473,"updated":1789765881040,"tz":null,"url":"https://earthquake.usgs.gov/earthquakes/eventpage/us7000thxg","detail":"https://earthquake.usgs.gov/earthquakes/feed/v1.0/detail/us7000thxg.geojson","felt":null,"cdi":null,"mmi":null,"alert":null,"status":"reviewed","tsunami":0,"sig":400,"net":"us","code":"7000thxg","ids":",us7000thxg,","sources":",us,","types":",origin,phase-data,","nst":104,"dmin":1.864,"rms":0.69,"gap":51,"magType":"mb","type":"earthquake","title":"M 5.1 - 190 km ESE of Kimbe, Papua New Guinea"},"geometry":{"type":"Point","coordinates":[151.7908,-6.0303,10]},"id":"us7000thxg"},
{"type":"Feature","properties":{"mag":4.9,"place":"24 km WSW of Sipí, Colombia","time":1789589572374,"updated":1789759985396,"tz":null,"url":"https://earthquake.usgs.gov/earthquakes/eventpage/us7000thxc","detail":"https://earthquake.usgs.gov/earthquakes/feed/v1.0/detail/us7000thxc.geojson","felt":4,"cdi":2,"mmi":null,"alert":null,"status":"reviewed","tsunami":0,"sig":370,"net":"us","code":"7000thxc","ids":",us7000thxc,","sources":",us,","types":",dyfi,origin,phase-data,","nst":153,"dmin":2.088,"rms":0.5,"gap":67,"magType":"mww","type":"earthquake","title":"M 4.9 - 24 km WSW of Sipí, Colombia"},"geometry":{"type":"Point","coordinates":[-76.8399,4.5496,66.069]},"id":"us7000thxc"},
{"type":"Feature","properties":{"mag":2.6,"place":"66 km SE of Adak, Alaska","time":1789589244859,"updated":1789798318665,"tz":null,"url":"https://earthquake.usgs.gov/earthquakes/eventpage/aka2026skbxng","detail":"https://earthquake.usgs.gov/earthquakes/feed/v1.0/detail/aka2026skbxng.geojson","felt":null,"cdi":null,"mmi":null,"alert":null,"status":"reviewed","tsunami":0,"sig":104,"net":"ak","code":"a2026skbxng","ids":",aka2026skbxng,","sources":",ak,","types":",origin,phase-data,","nst":15,"dmin":0.5,"rms":0.3,"gap":224,"magType":"ml","type":"earthquake","title":"M 2.6 - 66 km SE of Adak, Alaska"},"geometry":{"type":"Point","coordinates":[-175.835,51.538,35.1]},"id":"aka2026skbxng"},
{"type":"Feature","properties":{"mag":4.9,"place":"Kermadec Islands, New Zealand","time":1789589015025,"updated":1789591403040,"tz":null,"url":"https://earthquake.usgs.gov/earthquakes/eventpage/us7000thxb","detail":"https://earthquake.usgs.gov/earthquakes/feed/v1.0/detail/us7000thxb.geojson","felt":null,"cdi":null,"mmi":null,"alert":null,"status":"reviewed","tsunami":0,"sig":369,"net":"us","code":"7000thxb","ids":",us7000thxb,","sources":",us,","types":",origin,phase-data,","nst":22,"dmin":1.01,"rms":1.27,"gap":137,"magType":"mb","type":"earthquake","title":"M 4.9 - Kermadec Islands, New Zealand"},"geometry":{"type":"Point","coordinates":[-177.5927,-30.2154,35]},"id":"us7000thxb"},
{"type":"Feature","properties":{"mag":3.2,"place":"178 km E of Atka, Alaska","time":1789588816362,"updated":1789797940915,"tz":null,"url":"https://earthquake.usgs.gov/earthquakes/eventpage/aka2026skbrqm","detail":"https://earthquake.usgs.gov/earthquakes/feed/v1.0/detail/aka2026skbrqm.geojson","felt":null,"cdi":null,"mmi":null,"alert":null,"status":"reviewed","tsunami":0,"sig":158,"net":"ak","code":"a2026skbrqm","ids":",aka2026skbrqm,","sources":",ak,","types":",origin,phase-data,","nst":19,"dmin":1.2,"rms":1,"gap":208,"magType":"ml","type":"earthquake","title":"M 3.2 - 178 km E of Atka, Alaska"},"geometry":{"type":"Point","coordinates":[-171.606,52.086,2.7]},"id":"aka2026skbrqm"},
{"type":"Feature","properties":{"mag":2.5,"place":"135 km SW of Adak, Alaska","time":1789587642836,"updated":1789797760374,"tz":null,"url":"https://earthquake.usgs.gov/earthquakes/eventpage/aka2026skbamw","detail":"https://earthquake.usgs.gov/earthquakes/feed/v1.0/detail/aka2026skbamw.geojson","felt":null,"cdi":null,"mmi":null,"alert":null,"status":"reviewed","tsunami":0,"sig":96,"net":"ak","code":"a2026skbamw","ids":",aka2026skbamw,","sources":",ak,","types":",origin,phase-data,","nst":21,"dmin":0.5,"rms":0.5,"gap":240,"magType":"ml","type":"earthquake","title":"M 2.5 - 135 km SW of Adak, Alaska"},"geometry":{"type":"Point","coordinates":[-178.248,51.187,19.5]},"id":"aka2026skbamw"},
{"type":"Feature","properties":{"mag":4.6,"place":"43 km SE of Madang, Papua New Guinea","time":1789587425143,"updated":1789593978040,"tz":null,"url":"https://earthquake.usgs.gov/earthquakes/eventpage/us7000thx7","detail":"https://earthquake.usgs.gov/earthquakes/feed/v1.0/detail/us7000thx7.geojson","felt":null,"cdi":null,"mmi":null,"alert":null,"status":"reviewed","tsunami":0,"sig":326,"net":"us","code":"7000thx7","ids":",us7000thx7,","sources":",us,","types":",origin,phase-data,","nst":54,"dmin":3.725,"rms":0.47,"gap":103,"magType":"mb","type":"earthquake","title":"M 4.6 - 43 km SE of Madang, Papua New Guinea"},"geometry":{"type":"Point","coordinates":[146.0172,-5.5399,59.858]},"id":"us7000thx7"},
{"type":"Feature","properties":{"mag":3,"place":"132 km WSW of Adak, Alaska","time":1789584599585,"updated":1789797354274,"tz":null,"url":"https://earthquake.usgs.gov/earthquakes/eventpage/aka2026sjzili","detail":"https://earthquake.usgs.gov/earthquakes/feed/v1.0/detail/aka2026sjzili.geojson","felt":null,"cdi":null,"mmi":null,"alert":null,"status":"reviewed","tsunami":0,"sig":138,"net":"ak","code":"a2026sjzili","ids":",aka2026sjzili,","sources":",ak,","types":",origin,phase-data,","nst":31,"dmin":0.4,"rms":0.6,"gap":205,"magType":"ml","type":"earthquake","title":"M 3.0 - 132 km WSW of Adak, Alaska"},"geometry":{"type":"Point","coordinates":[-178.304,51.298,35.9]},"id":"aka2026sjzili"},
{"type":"Feature","properties":{"mag":5.1,"place":"80 km SSW of San Jose Village, Northern Mariana Islands","time":1789582000400,"updated":1790014604549,"tz":null,"url":"https://earthquake.usgs.gov/earthquakes/eventpage/us7000thwt","detail":"https://earthquake.usgs.gov/earthquakes/feed/v1.0/detail/us7000thwt.geojson","felt":10,"cdi":3.1,"mmi":3.532,"alert":"green","status":"reviewed","tsunami":0,"sig":403,"net":"us","code":"7000thwt","ids":",us7000thwt,","sources":",us,","types":",dyfi,event-sequence,losspager,oaf,origin,phase-data,shakemap,","nst":200,"dmin":1.022,"rms":0.64,"gap":20,"magType":"mww","type":"earthquake","title":"M 5.1 - 80 km SSW of San Jose Village, Northern Mariana Islands"},"geometry":{"type":"Point","coordinates":[145.4199,14.2719,106.631]},"id":"us7000thwt"},
{"type":"Feature","properties":{"mag":2.7,"place":"43 km S of Glacier View, Alaska","time":1789580493377,"updated":1789777409442,"tz":null,"url":"https://earthquake.usgs.gov/earthquakes/eventpage/aka2026sjxbaj","detail":"https://earthquake.usgs.gov/earthquakes/feed/v1.0/detail/aka2026sjxbaj.geojson","felt":1,"cdi":1,"mmi":null,"alert":null,"status":"reviewed","tsunami":0,"sig":112,"net":"ak","code":"a2026sjxbaj","ids":",aka2026sjxbaj,","sources":",ak,","types":",dyfi,origin,phase-data,","nst":91,"dmin":0.4,"rms":0.9,"gap":31,"magType":"ml","type":"earthquake","title":"M 2.7 - 43 km S of Glacier View, Alaska"},"geometry":{"type":"Point","coordinates":[-147.498,61.428,19]},"id":"aka2026sjxbaj"},
{"type":"Feature","properties":{"mag":3.2,"place":"202 km SE of Perryville, Alaska","time":1789575754298,"updated":1789774360689,"tz":null,"url":"https://earthquake.usgs.gov/earthquakes/eventpage/aka2026sjukrd","detail":"https://earthquake.usgs.gov/earthquakes/feed/v1.0/detail/aka2026sjukrd.geojson","felt":null,"cdi":null,"mmi":null,"alert":null,"status":"reviewed","tsunami":0,"sig":158,"net":"ak","code":"a2026sjukrd","ids":",aka2026sjukrd,","sources":",ak,","types":",origin,phase-data,","nst":23,"dmin":1.9,"rms":0.5,"gap":230,"magType":"ml","type":"earthquake","title":"M 3.2 - 202 km SE of Perryville, Alaska"},"geometry":{"type":"Point","coordinates":[-156.771,54.691,59.6]},"id":"aka2026sjukrd"},
{"type":"Feature","properties":{"mag":2.6,"place":"69 km SW of Atka, Alaska","time":1789574964299,"updated":1789774205788,"tz":null,"url":"https://earthquake.usgs.gov/earthquakes/eventpage/aka2026sjtzfa","detail":"https://earthquake.usgs.gov/earthquakes/feed/v1.0/detail/aka2026sjtzfa.geojson","felt":null,"cdi":null,"mmi":null,"alert":null,"status":"reviewed","tsunami":0,"sig":104,"net":"ak","code":"a2026sjtzfa","ids":",aka2026sjtzfa,","sources":",ak,","types":",origin,phase-data,","nst":15,"dmin":0.6,"rms":0.4,"gap":236,"magType":"ml","type":"earthquake","title":"M 2.6 - 69 km SW of Atka, Alaska"},"geometry":{"type":"Point","coordinates":[-174.819,51.7,56.9]},"id":"aka2026sjtzfa"},
{"type":"Feature","properties":{"mag":2.5,"place":"46 km NNW of Valdez, Alaska","time":1789572220565,"updated":1789772696865,"tz":null,"url":"https://earthquake.usgs.gov/earthquakes/eventpage/aka2026sjslmy","detail":"https://earthquake.usgs.gov/earthquakes/feed/v1.0/detail/aka2026sjslmy.geojson","felt":null,"cdi":null,"mmi":null,"alert":null,"status":"reviewed","tsunami":0,"sig":96,"net":"ak","code":"a2026sjslmy","ids":",aka2026sjslmy,","sources":",ak,","types":",origin,phase-data,","nst":54,"dmin":0.4,"rms":0.9,"gap":30,"magType":"ml","type":"earthquake","title":"M 2.5 - 46 km NNW of Valdez, Alaska"},"geometry":{"type":"Point","coordinates":[-146.773,61.493,18.3]},"id":"aka2026sjslmy"},
{"type":"Feature","properties":{"mag":2.5,"place":"106 km SSW of False Pass, Alaska","time":1789571817732,"updated":1789771097853,"tz":null,"url":"https://earthquake.usgs.gov/earthquakes/eventpage/aka2026sjsfrd","detail":"https://earthquake.usgs.gov/earthquakes/feed/v1.0/detail/aka2026sjsfrd.geojson","felt":null,"cdi":null,"mmi":null,"alert":null,"status":"reviewed","tsunami":0,"sig":96,"net":"ak","code":"a2026sjsfrd","ids":",aka2026sjsfrd,","sources":",ak,","types":",origin,phase-data,","nst":29,"dmin":0.5,"rms":0.5,"gap":216,"magType":"ml","type":"earthquake","title":"M 2.5 - 106 km SSW of False Pass, Alaska"},"geometry":{"type":"Point","coordinates":[-164.133,53.995,4.2]},"id":"aka2026sjsfrd"},
{"type":"Feature","properties":{"mag":5,"place":"5 km NE of Mitsukaidō, Japan","time":1789571258245,"updated":1789741673604,"tz":null,"url":"https://earthquake.usgs.gov/earthquakes/eventpage/us7000thv6","detail":"https://earthquake.usgs.gov/earthquakes/feed/v1.0/detail/us7000thv6.geojson","felt":71,"cdi":3.8,"mmi":null,"alert":null,"status":"reviewed","tsunami":0,"sig":412,"net":"us","code":"7000thv6","ids":",us7000thv6,","sources":",us,","types":",dyfi,origin,phase-data,","nst":67,"dmin":1.542,"rms":0.77,"gap":123,"magType":"mb","type":"earthquake","title":"M 5.0 - 5 km NE of Mitsukaidō, Japan"},"geometry":{"type":"Point","coordinates":[140.0207,36.0556,77.348]},"id":"us7000thv6"},
{"type":"Feature","properties":{"mag":2.8,"place":"92 km SSE of Atka, Alaska","time":1789571174439,"updated":1789770944009,"tz":null,"url":"https://earthquake.usgs.gov/earthquakes/eventpage/aka2026sjrwkq","detail":"https://earthquake.usgs.gov/earthquakes/feed/v1.0/detail/aka2026sjrwkq.geojson","felt":null,"cdi":null,"mmi":null,"alert":null,"status":"reviewed","tsunami":0,"sig":121,"net":"ak","code":"a2026sjrwkq","ids":",aka2026sjrwkq,","sources":",ak,","types":",origin,phase-data,","nst":11,"dmin":0.8,"rms":0.4,"gap":299,"magType":"ml","type":"earthquake","title":"M 2.8 - 92 km SSE of Atka, Alaska"},"geometry":{"type":"Point","coordinates":[-173.684,51.426,7.9]},"id":"aka2026sjrwkq"},
{"type":"Feature","properties":{"mag":3.52,"place":"20 km WSW of Petrolia, CA","time":1789569292440,"updated":1789590443706,"tz":null,"url":"https://earthquake.usgs.gov/earthquakes/eventpage/nc75436587","detail":"https://earthquake.usgs.gov/earthquakes/feed/v1.0/detail/nc75436587.geojson","felt":18,"cdi":3.4,"mmi":2.898,"alert":null,"status":"reviewed","tsunami":0,"sig":197,"net":"nc","code":"75436587","ids":",nc75436587,us7000thv1,","sources":",nc,us,","types":",dyfi,focal-mechanism,moment-tensor,nearby-cities,origin,phase-data,scitech-link,shakemap,","nst":50,"dmin":0.1347,"rms":0.19,"gap":235,"magType":"mw","type":"earthquake","title":"M 3.5 - 20 km WSW of Petrolia, CA"},"geometry":{"type":"Point","coordinates":[-124.518666666667,40.2853333333333,20.15]},"id":"nc75436587"},
{"type":"Feature","properties":{"mag":3.23,"place":"93 km N of San Juan, Puerto Rico","time":1789565367910,"updated":1789570530040,"tz":null,"url":"https://earthquake.usgs.gov/earthquakes/eventpage/pr71531913","detail":"https://earthquake.usgs.gov/earthquakes/feed/v1.0/detail/pr71531913.geojson","felt":null,"cdi":null,"mmi":null,"alert":null,"status":"reviewed","tsunami":0,"sig":161,"net":"pr","code":"71531913","ids":",us7000thux,pr71531913,","sources":",us,pr,","types":",origin,phase-data,","nst":11,"dmin":1.025,"rms":0.14,"gap":274,"magType":"md","type":"earthquake","title":"M 3.2 - 93 km N of San Juan, Puerto Rico"},"geometry":{"type":"Point","coordinates":[-66.0855,19.3143333333333,19.95]},"id":"pr71531913"},
{"type":"Feature","properties":{"mag":3.6,"place":"95 km SSW of Unalaska, Alaska","time":1789562844321,"updated":1789573553721,"tz":null,"url":"https://earthquake.usgs.gov/earthquakes/eventpage/aka2026sjnfzo","detail":"https://earthquake.usgs.gov/earthquakes/feed/v1.0/detail/aka2026sjnfzo.geojson","felt":null,"cdi":null,"mmi":2.492,"alert":null,"status":"reviewed","tsunami":0,"sig":199,"net":"ak","code":"a2026sjnfzo","ids":",aka2026sjnfzo,","sources":",ak,","types":",origin,phase-data,shakemap,","nst":47,"dmin":0.6,"rms":0.8,"gap":208,"magType":"ml","type":"earthquake","title":"M 3.6 - 95 km SSW of Unalaska, Alaska"},"geometry":{"type":"Point","coordinates":[-167.001,53.067,20.2]},"id":"aka2026sjnfzo"},
{"type":"Feature","properties":{"mag":4.5,"place":"6 km NW of Āwash, Ethiopia","time":1789562003712,"updated":1789586039507,"tz":null,"url":"https://earthquake.usgs.gov/earthquakes/eventpage/us7000thts","detail":"https://earthquake.usgs.gov/earthquakes/feed/v1.0/detail/us7000thts.geojson","felt":1,"cdi":3,"mmi":null,"alert":null,"status":"reviewed","tsunami":0,"sig":312,"net":"us","code":"7000thts","ids":",us7000thts,","sources":",us,","types":",dyfi,origin,phase-data,","nst":22,"dmin":3.653,"rms":0.43,"gap":96,"magType":"mb","type":"earthquake","title":"M 4.5 - 6 km NW of Āwash, Ethiopia"},"geometry":{"type":"Point","coordinates":[40.13,9.0247,10]},"id":"us7000thts"},
{"type":"Feature","properties":{"mag":4.9,"place":"64 km E of Kinablangan, Philippines","time":1789559412695,"updated":1789561765040,"tz":null,"url":"https://earthquake.usgs.gov/earthquakes/eventpage/us7000thti","detail":"https://earthquake.usgs.gov/earthquakes/feed/v1.0/detail/us7000thti.geojson","felt":null,"cdi":null,"mmi":null,"alert":null,"status":"reviewed","tsunami":0,"sig":369,"net":"us","code":"7000thti","ids":",us7000thti,","sources":",us,","types":",origin,phase-data,","nst":73,"dmin":1.683,"rms":0.68,"gap":84,"magType":"mb","type":"earthquake","title":"M 4.9 - 64 km E of Kinablangan, Philippines"},"geometry":{"type":"Point","coordinates":[127.1328,7.7513,10]},"id":"us7000thti"},
{"type":"Feature","properties":{"mag":2.7,"place":"Rat Islands, Aleutian Islands, Alaska","time":1789558851564,"updated":1789763409127,"tz":null,"url":"https://earthquake.usgs.gov/earthquakes/eventpage/aka2026sjlaie","detail":"https://earthquake.usgs.gov/earthquakes/feed/v1.0/detail/aka2026sjlaie.geojson","felt":null,"cdi":null,"mmi":null,"alert":null,"status":"reviewed","tsunami":0,"sig":112,"net":"ak","code":"a2026sjlaie","ids":",aka2026sjlaie,","sources":",ak,","types":",origin,phase-data,","nst":7,"dmin":0.6,"rms":0.3,"gap":291,"magType":"ml","type":"earthquake","title":"M 2.7 - Rat Islands, Aleutian Islands, Alaska"},"geometry":{"type":"Point","coordinates":[178.41,51.253,34.5]},"id":"aka2026sjlaie"},
{"type":"Feature","properties":{"mag":2.9,"place":"119 km SSW of Atka, Alaska","time":1789555843183,"updated":1789763096372,"tz":null,"url":"https://earthquake.usgs.gov/earthquakes/eventpage/aka2026sjjius","detail":"https://earthquake.usgs.gov/earthquakes/feed/v1.0/detail/aka2026sjjius.geojson","felt":null,"cdi":null,"mmi":null,"alert":null,"status":"reviewed","tsunami":0,"sig":129,"net":"ak","code":"a2026sjjius","ids":",aka2026sjjius,","sources":",ak,","types":",origin,phase-data,","nst":16,"dmin":0.9,"rms":0.6,"gap":255,"magType":"ml","type":"earthquake","title":"M 2.9 - 119 km SSW of Atka, Alaska"},"geometry":{"type":"Point","coordinates":[-175.107,51.279,4.6]},"id":"aka2026sjjius"},
{"type":"Feature","properties":{"mag":4.7,"place":"6 km WSW of Port-Olry, Vanuatu","time":1789551707654,"updated":1789553404040,"tz":null,"url":"https://earthquake.usgs.gov/earthquakes/eventpage/us7000tht8","detail":"https://earthquake.usgs.gov/earthquakes/feed/v1.0/detail/us7000tht8.geojson","felt":null,"cdi":null,"mmi":null,"alert":null,"status":"reviewed","tsunami":0,"sig":340,"net":"us","code":"7000tht8","ids":",us7000tht8,","sources":",us,","types":",origin,phase-data,","nst":17,"dmin":6.043,"rms":0.38,"gap":273,"magType":"mb","type":"earthquake","title":"M 4.7 - 6 km WSW of Port-Olry, Vanuatu"},"geometry":{"type":"Point","coordinates":[167.0164,-15.0655,60.686]},"id":"us7000tht8"},
{"type":"Feature","properties":{"mag":2.5,"place":"18 km SE of Fox River, Alaska","time":1789550467608,"updated":1789762380345,"tz":null,"url":"https://earthquake.usgs.gov/earthquakes/eventpage/aka2026sjgfxq","detail":"https://earthquake.usgs.gov/earthquakes/feed/v1.0/detail/aka2026sjgfxq.geojson","felt":null,"cdi":null,"mmi":null,"alert":null,"status":"reviewed","tsunami":0,"sig":96,"net":"ak","code":"a2026sjgfxq","ids":",aka2026sjgfxq,","sources":",ak,","types":",origin,phase-data,","nst":72,"dmin":0,"rms":0.7,"gap":117,"magType":"ml","type":"earthquake","title":"M 2.5 - 18 km SE of Fox River, Alaska"},"geometry":{"type":"Point","coordinates":[-150.742,59.729,53.9]},"id":"aka2026sjgfxq"},
{"type":"Feature","properties":{"mag":5.1,"place":"172 km ESE of Saipan, Northern Mariana Islands","time":1789547820012,"updated":1790066822394,"tz":null,"url":"https://earthquake.usgs.gov/earthquakes/eventpage/us7000thsx","detail":"https://earthquake.usgs.gov/earthquakes/feed/v1.0/detail/us7000thsx.geojson","felt":2,"cdi":2,"mmi":null,"alert":null,"status":"reviewed","tsunami":0,"sig":401,"net":"us","code":"7000thsx","ids":",us7000thsx,","sources":",us,","types":",dyfi,event-sequence,oaf,origin,phase-data,","nst":56,"dmin":1.53,"rms":1.35,"gap":71,"magType":"mb","type":"earthquake","title":"M 5.1 - 172 km ESE of Saipan, Northern Mariana Islands"},"geometry":{"type":"Point","coordinates":[147.1141,14.3886,10]},"id":"us7000thsx"},
{"type":"Feature","properties":{"mag":3.9,"place":"167 km WSW of Nikolski, Alaska","time":1789547331752,"updated":1789573422527,"tz":null,"url":"https://earthquake.usgs.gov/earthquakes/eventpage/aka2026sjepok","detail":"https://earthquake.usgs.gov/earthquakes/feed/v1.0/detail/aka2026sjepok.geojson","felt":null,"cdi":null,"mmi":2.267,"alert":null,"status":"reviewed","tsunami":0,"sig":234,"net":"ak","code":"a2026sjepok","ids":",aka2026sjepok,","sources":",ak,","types":",origin,phase-data,shakemap,","nst":52,"dmin":0.9,"rms":0.6,"gap":197,"magType":"ml","type":"earthquake","title":"M 3.9 - 167 km WSW of Nikolski, Alaska"},"geometry":{"type":"Point","coordinates":[-171.157,52.374,90.5]},"id":"aka2026sjepok"},
{"type":"Feature","properties":{"mag":3,"place":"48 km SE of Adak, Alaska","time":1789544765155,"updated":1789761709840,"tz":null,"url":"https://earthquake.usgs.gov/earthquakes/eventpage/aka2026sjdetg","detail":"https://earthquake.usgs.gov/earthquakes/feed/v1.0/detail/aka2026sjdetg.geojson","felt":null,"cdi":null,"mmi":null,"alert":null,"status":"reviewed","tsunami":0,"sig":138,"net":"ak","code":"a2026sjdetg","ids":",aka2026sjdetg,","sources":",ak,","types":",origin,phase-data,","nst":25,"dmin":0.3,"rms":0.4,"gap":205,"magType":"ml","type":"earthquake","title":"M 3.0 - 48 km SE of Adak, Alaska"},"geometry":{"type":"Point","coordinates":[-176.094,51.598,55.7]},"id":"aka2026sjdetg"},
{"type":"Feature","properties":{"mag":3.3,"place":"9 km NE of Petersville, Alaska","time":1789544081263,"updated":1789760739244,"tz":null,"url":"https://earthquake.usgs.gov/earthquakes/eventpage/aka2026sjcuwe","detail":"https://earthquake.usgs.gov/earthquakes/feed/v1.0/detail/aka2026sjcuwe.geojson","felt":null,"cdi":null,"mmi":null,"alert":null,"status":"reviewed","tsunami":0,"sig":168,"net":"ak","code":"a2026sjcuwe","ids":",us7000thsr,aka2026sjcuwe,","sources":",us,ak,","types":",origin,phase-data,","nst":144,"dmin":0.1,"rms":0.9,"gap":31,"magType":"ml","type":"earthquake","title":"M 3.3 - 9 km NE of Petersville, Alaska"},"geometry":{"type":"Point","coordinates":[-150.626,62.545,70.2]},"id":"aka2026sjcuwe"},
{"type":"Feature","properties":{"mag":3.79,"place":"20 km WSW of Gerlach, Nevada","time":1789543045899,"updated":1789629757217,"tz":null,"url":"https://earthquake.usgs.gov/earthquakes/eventpage/nn00924508","detail":"https://earthquake.usgs.gov/earthquakes/feed/v1.0/detail/nn00924508.geojson","felt":7,"cdi":3.4,"mmi":4.495,"alert":"green","status":"reviewed","tsunami":0,"sig":223,"net":"nn","code":"00924508","ids":",nn00924508,us7000thsq,","sources":",nn,us,","types":",dyfi,losspager,moment-tensor,origin,phase-data,shakemap,","nst":11,"dmin":0.42,"rms":0.1627,"gap":167,"magType":"mwr","type":"earthquake","title":"M 3.8 - 20 km WSW of Gerlach, Nevada"},"geometry":{"type":"Point","coordinates":[-119.5899,40.6069,7]},"id":"nn00924508"},
{"type":"Feature","properties":{"mag":4.8,"place":"47 km WSW of Bahía Solano, Colombia","time":1789542133029,"updated":1789543705040,"tz":null,"url":"https://earthquake.usgs.gov/earthquakes/eventpage/us7000thsp","detail":"https://earthquake.usgs.gov/earthquakes/feed/v1.0/detail/us7000thsp.geojson","felt":null,"cdi":null,"mmi":null,"alert":null,"status":"reviewed","tsunami":0,"sig":354,"net":"us","code":"7000thsp","ids":",us7000thsp,","sources":",us,","types":",origin,phase-data,","nst":79,"dmin":2.271,"rms":1.14,"gap":105,"magType":"mb","type":"earthquake","title":"M 4.8 - 47 km WSW of Bahía Solano, Colombia"},"geometry":{"type":"Point","coordinates":[-77.8115,6.0969,10]},"id":"us7000thsp"},
{"type":"Feature","properties":{"mag":4.6,"place":"23 km SW of Sipí, Colombia","time":1789539486190,"updated":1789541135040,"tz":null,"url":"https://earthquake.usgs.gov/earthquakes/eventpage/us7000thse","detail":"https://earthquake.usgs.gov/earthquakes/feed/v1.0/detail/us7000thse.geojson","felt":null,"cdi":null,"mmi":null,"alert":null,"status":"reviewed","tsunami":0,"sig":326,"net":"us","code":"7000thse","ids":",us7000thse,","sources":",us,","types":",origin,phase-data,","nst":60,"dmin":2.096,"rms":1.26,"gap":90,"magType":"mb","type":"earthquake","title":"M 4.6 - 23 km SW of Sipí, Colombia"},"geometry":{"type":"Point","coordinates":[-76.7822,4.495,71.01]},"id":"us7000thse"},
{"type":"Feature","properties":{"mag":2.7,"place":"99 km S of False Pass, Alaska","time":1789538996902,"updated":1789758591694,"tz":null,"url":"https://earthquake.usgs.gov/earthquakes/eventpage/aka2026sizzjq","detail":"https://earthquake.usgs.gov/earthquakes/feed/v1.0/detail/aka2026sizzjq.geojson","felt":null,"cdi":null,"mmi":null,"alert":null,"status":"reviewed","tsunami":0,"sig":112,"net":"ak","code":"a2026sizzjq","ids":",aka2026sizzjq,","sources":",ak,","types":",origin,phase-data,","nst":22,"dmin":0.7,"rms":0.5,"gap":234,"magType":"ml","type":"earthquake","title":"M 2.7 - 99 km S of False Pass, Alaska"},"geometry":{"type":"Point","coordinates":[-163.235,53.962,16.2]},"id":"aka2026sizzjq"},
{"type":"Feature","properties":{"mag":5,"place":"281 km SSE of Dunhuang, China","time":1789537923328,"updated":1789539088040,"tz":null,"url":"https://earthquake.usgs.gov/earthquakes/eventpage/us7000ths9","detail":"https://earthquake.usgs.gov/earthquakes/feed/v1.0/detail/us7000ths9.geojson","felt":null,"cdi":null,"mmi":null,"alert":null,"status":"reviewed","tsunami":0,"sig":385,"net":"us","code":"7000ths9","ids":",us7000ths9,","sources":",us,","types":",origin,phase-data,","nst":60,"dmin":6.804,"rms":0.84,"gap":91,"magType":"mb","type":"earthquake","title":"M 5.0 - 281 km SSE of Dunhuang, China"},"geometry":{"type":"Point","coordinates":[95.4963,37.7078,10.46]},"id":"us7000ths9"},
{"type":"Feature","properties":{"mag":2.8,"place":"95 km SSE of Sand Point, Alaska","time":1789536844413,"updated":1789758279028,"tz":null,"url":"https://earthquake.usgs.gov/earthquakes/eventpage/aka2026siyuhc","detail":"https://earthquake.usgs.gov/earthquakes/feed/v1.0/detail/aka2026siyuhc.geojson","felt":null,"cdi":null,"mmi":null,"alert":null,"status":"reviewed","tsunami":0,"sig":121,"net":"ak","code":"a2026siyuhc","ids":",aka2026siyuhc,","sources":",ak,","types":",origin,phase-data,","nst":21,"dmin":1.2,"rms":0.5,"gap":245,"magType":"ml","type":"earthquake","title":"M 2.8 - 95 km SSE of Sand Point, Alaska"},"geometry":{"type":"Point","coordinates":[-160.167,54.498,16.6]},"id":"aka2026siyuhc"},
{"type":"Feature","properties":{"mag":5,"place":"60 km SSW of Ocós, Guatemala","time":1789530303456,"updated":1789531364040,"tz":null,"url":"https://earthquake.usgs.gov/earthquakes/eventpage/us7000thrz","detail":"https://earthquake.usgs.gov/earthquakes/feed/v1.0/detail/us7000thrz.geojson","felt":null,"cdi":null,"mmi":null,"alert":null,"status":"reviewed","tsunami":0,"sig":385,"net":"us","code":"7000thrz","ids":",us7000thrz,","sources":",us,","types":",moment-tensor,origin,phase-data,","nst":74,"dmin":2.261,"rms":1.25,"gap":145,"magType":"mww","type":"earthquake","title":"M 5.0 - 60 km SSW of Ocós, Guatemala"},"geometry":{"type":"Point","coordinates":[-92.4543,14.0287,10]},"id":"us7000thrz"},
{"type":"Feature","properties":{"mag":2.6,"place":"98 km SE of Akutan, Alaska","time":1789530076493,"updated":1789756619674,"tz":null,"url":"https://earthquake.usgs.gov/earthquakes/eventpage/aka2026sivahw","detail":"https://earthquake.usgs.gov/earthquakes/feed/v1.0/detail/aka2026sivahw.geojson","felt":null,"cdi":null,"mmi":null,"alert":null,"status":"reviewed","tsunami":0,"sig":104,"net":"ak","code":"a2026sivahw","ids":",aka2026sivahw,","sources":",ak,","types":",origin,phase-data,","nst":12,"dmin":0.8,"rms":0.5,"gap":265,"magType":"ml","type":"earthquake","title":"M 2.6 - 98 km SE of Akutan, Alaska"},"geometry":{"type":"Point","coordinates":[-164.893,53.424,4.6]},"id":"aka2026sivahw"},
{"type":"Feature","properties":{"mag":2.9,"place":"58 km SE of Akutan, Alaska","time":1789527430514,"updated":1789755596707,"tz":null,"url":"https://earthquake.usgs.gov/earthquakes/eventpage/aka2026sitnvf","detail":"https://earthquake.usgs.gov/earthquakes/feed/v1.0/detail/aka2026sitnvf.geojson","felt":null,"cdi":null,"mmi":null,"alert":null,"status":"reviewed","tsunami":0,"sig":129,"net":"ak","code":"a2026sitnvf","ids":",aka2026sitnvf,","sources":",ak,","types":",origin,phase-data,","nst":37,"dmin":0.5,"rms":0.5,"gap":204,"magType":"ml","type":"earthquake","title":"M 2.9 - 58 km SE of Akutan, Alaska"},"geometry":{"type":"Point","coordinates":[-165.056,53.825,47.2]},"id":"aka2026sitnvf"},
{"type":"Feature","properties":{"mag":2.89,"place":"18 km W of Rincón, Puerto Rico","time":1789524581730,"updated":1789526246820,"tz":null,"url":"https://earthquake.usgs.gov/earthquakes/eventpage/pr71531888","detail":"https://earthquake.usgs.gov/earthquakes/feed/v1.0/detail/pr71531888.geojson","felt":null,"cdi":null,"mmi":null,"alert":null,"status":"reviewed","tsunami":0,"sig":128,"net":"pr","code":"71531888","ids":",pr71531888,","sources":",pr,","types":",origin,phase-data,","nst":17,"dmin":0.2922,"rms":0.16,"gap":285,"magType":"md","type":"earthquake","title":"M 2.9 - 18 km W of Rincón, Puerto Rico"},"geometry":{"type":"Point","coordinates":[-67.4271666666667,18.3331666666667,8.24]},"id":"pr71531888"},
{"type":"Feature","properties":{"mag":2.5,"place":"59 km S of King Cove, Alaska","time":1789523937764,"updated":1789755224233,"tz":null,"url":"https://earthquake.usgs.gov/earthquakes/eventpage/aka2026sirppr","detail":"https://earthquake.usgs.gov/earthquakes/feed/v1.0/detail/aka2026sirppr.geojson","felt":null,"cdi":null,"mmi":null,"alert":null,"status":"reviewed","tsunami":0,"sig":96,"net":"ak","code":"a2026sirppr","ids":",aka2026sirppr,","sources":",ak,","types":",origin,phase-data,","nst":15,"dmin":0.6,"rms":0.5,"gap":231,"magType":"ml","type":"earthquake","title":"M 2.5 - 59 km S of King Cove, Alaska"},"geometry":{"type":"Point","coordinates":[-162.43,54.531,52.9]},"id":"aka2026sirppr"},
{"type":"Feature","properties":{"mag":2.67,"place":"3 km ESE of Santa Rosa, CA","time":1789522830630,"updated":1789904772452,"tz":null,"url":"https://earthquake.usgs.gov/earthquakes/eventpage/nc75436337","detail":"https://earthquake.usgs.gov/earthquakes/feed/v1.0/detail/nc75436337.geojson","felt":171,"cdi":2.7,"mmi":null,"alert":null,"status":"automatic","tsunami":0,"sig":156,"net":"nc","code":"75436337","ids":",nc75436337,","sources":",nc,","types":",dyfi,focal-mechanism,nearby-cities,origin,phase-data,scitech-link,","nst":74,"dmin":0.04444,"rms":0.14,"gap":25,"magType":"md","type":"earthquake","title":"M 2.7 - 3 km ESE of Santa Rosa, CA"},"geometry":{"type":"Point","coordinates":[-122.671836853027,38.4331665039062,9.14999961853027]},"id":"nc75436337"},
{"type":"Feature","properties":{"mag":4.5,"place":"45 km NNW of Duaca, Venezuela","time":1789522637171,"updated":1789525282040,"tz":null,"url":"https://earthquake.usgs.gov/earthquakes/eventpage/us7000thrm","detail":"https://earthquake.usgs.gov/earthquakes/feed/v1.0/detail/us7000thrm.geojson","felt":null,"cdi":null,"mmi":null,"alert":null,"status":"reviewed","tsunami":0,"sig":312,"net":"us","code":"7000thrm","ids":",us7000thrm,","sources":",us,","types":",origin,phase-data,","nst":44,"dmin":0.721,"rms":0.91,"gap":49,"magType":"mb","type":"earthquake","title":"M 4.5 - 45 km NNW of Duaca, Venezuela"},"geometry":{"type":"Point","coordinates":[-69.2782,10.6842,10]},"id":"us7000thrm"},
{"type":"Feature","properties":{"mag":2.5,"place":"118 km SSW of Atka, Alaska","time":1789522401125,"updated":1789698945522,"tz":null,"url":"https://earthquake.usgs.gov/earthquakes/eventpage/aka2026siqton","detail":"https://earthquake.usgs.gov/earthquakes/feed/v1.0/detail/aka2026siqton.geojson","felt":null,"cdi":null,"mmi":null,"alert":null,"status":"reviewed","tsunami":0,"sig":96,"net":"ak","code":"a2026siqton","ids":",aka2026siqton,","sources":",ak,","types":",origin,phase-data,","nst":10,"dmin":0.8,"rms":0.4,"gap":257,"magType":"ml","type":"earthquake","title":"M 2.5 - 118 km SSW of Atka, Alaska"},"geometry":{"type":"Point","coordinates":[-175.148,51.307,14.6]},"id":"aka2026siqton"},
{"type":"Feature","properties":{"mag":2.8,"place":"35 km W of Anchor Point, Alaska","time":1789517698511,"updated":1789697623028,"tz":null,"url":"https://earthquake.usgs.gov/earthquakes/eventpage/aka2026siodpj","detail":"https://earthquake.usgs.gov/earthquakes/feed/v1.0/detail/aka2026siodpj.geojson","felt":null,"cdi":null,"mmi":null,"alert":null,"status":"reviewed","tsunami":0,"sig":121,"net":"ak","code":"a2026siodpj","ids":",us7000thr9,aka2026siodpj,","sources":",us,ak,","types":",origin,phase-data,","nst":107,"dmin":0.3,"rms":0.7,"gap":66,"magType":"ml","type":"earthquake","title":"M 2.8 - 35 km W of Anchor Point, Alaska"},"geometry":{"type":"Point","coordinates":[-152.471,59.779,80.8]},"id":"aka2026siodpj"},
{"type":"Feature","properties":{"mag":3.3,"place":"76 km NNE of Vieques, Puerto Rico","time":1789517141730,"updated":1789530420040,"tz":null,"url":"https://earthquake.usgs.gov/earthquakes/eventpage/pr71531853","detail":"https://earthquake.usgs.gov/earthquakes/feed/v1.0/detail/pr71531853.geojson","felt":null,"cdi":null,"mmi":null,"alert":null,"status":"reviewed","tsunami":0,"sig":168,"net":"pr","code":"71531853","ids":",us7000thr8,pr71531853,","sources":",us,pr,","types":",origin,phase-data,","nst":22,"dmin":0.799,"rms":0.39,"gap":236,"magType":"md","type":"earthquake","title":"M 3.3 - 76 km NNE of Vieques, Puerto Rico"},"geometry":{"type":"Point","coordinates":[-65.5608333333333,19.0656666666667,6.57]},"id":"pr71531853"},
{"type":"Feature","properties":{"mag":4.7,"place":"161 km N of Caluula, Somalia","time":1789516019464,"updated":1789529796040,"tz":null,"url":"https://earthquake.usgs.gov/earthquakes/eventpage/us7000thr6","detail":"https://earthquake.usgs.gov/earthquakes/feed/v1.0/detail/us7000thr6.geojson","felt":null,"cdi":null,"mmi":null,"alert":null,"status":"reviewed","tsunami":0,"sig":340,"net":"us","code":"7000thr6","ids":",us7000thr6,","sources":",us,","types":",origin,phase-data,","nst":36,"dmin":6.286,"rms":0.77,"gap":95,"magType":"mww","type":"earthquake","title":"M 4.7 - 161 km N of Caluula, Somalia"},"geometry":{"type":"Point","coordinates":[50.7581,13.4261,10]},"id":"us7000thr6"},
{"type":"Feature","properties":{"mag":4.5,"place":"17 km WNW of Palora, Ecuador","time":1789515906518,"updated":1789529528040,"tz":null,"url":"https://earthquake.usgs.gov/earthquakes/eventpage/us7000thr4","detail":"https://earthquake.usgs.gov/earthquakes/feed/v1.0/detail/us7000thr4.geojson","felt":null,"cdi":null,"mmi":null,"alert":null,"status":"reviewed","tsunami":0,"sig":312,"net":"us","code":"7000thr4","ids":",us7000thr4,","sources":",us,","types":",origin,phase-data,","nst":53,"dmin":0.14,"rms":0.52,"gap":77,"magType":"mb","type":"earthquake","title":"M 4.5 - 17 km WNW of Palora, Ecuador"},"geometry":{"type":"Point","coordinates":[-78.094,-1.6157,155.806]},"id":"us7000thr4"},
{"type":"Feature","properties":{"mag":3.5,"place":"Rat Islands, Aleutian Islands, Alaska","time":1789508969349,"updated":1789592101040,"tz":null,"url":"https://earthquake.usgs.gov/earthquakes/eventpage/us7000ths2","detail":"https://earthquake.usgs.gov/earthquakes/feed/v1.0/detail/us7000ths2.geojson","felt":null,"cdi":null,"mmi":2.638,"alert":null,"status":"reviewed","tsunami":0,"sig":188,"net":"us","code":"7000ths2","ids":",aka2026sijhmm,us7000ths2,","sources":",ak,us,","types":",origin,phase-data,shakemap,","nst":36,"dmin":0.244,"rms":0.58,"gap":213,"magType":"ml","type":"earthquake","title":"M 3.5 - Rat Islands, Aleutian Islands, Alaska"},"geometry":{"type":"Point","coordinates":[178.951,51.4846,57.34]},"id":"us7000ths2"},
{"type":"Feature","properties":{"mag":2.7,"place":"2 km NNW of Las Nutrias, New Mexico","time":1789506612184,"updated":1789595256313,"tz":null,"url":"https://earthquake.usgs.gov/earthquakes/eventpage/us7000thq4","detail":"https://earthquake.usgs.gov/earthquakes/feed/v1.0/detail/us7000thq4.geojson","felt":5,"cdi":3.8,"mmi":null,"alert":null,"status":"reviewed","tsunami":0,"sig":114,"net":"us","code":"7000thq4","ids":",us7000thq4,","sources":",us,","types":",dyfi,origin,phase-data,","nst":13,"dmin":0.008,"rms":0.31,"gap":105,"magType":"ml","type":"earthquake","title":"M 2.7 - 2 km NNW of Las Nutrias, New Mexico"},"geometry":{"type":"Point","coordinates":[-106.7832,34.4946,10]},"id":"us7000thq4"},
{"type":"Feature","properties":{"mag":4.7,"place":"94 km NE of Yonakuni, Japan","time":1789506034916,"updated":1790054342040,"tz":null,"url":"https://earthquake.usgs.gov/earthquakes/eventpage/us7000thq1","detail":"https://earthquake.usgs.gov/earthquakes/feed/v1.0/detail/us7000thq1.geojson","felt":null,"cdi":null,"mmi":null,"alert":null,"status":"reviewed","tsunami":0,"sig":340,"net":"us","code":"7000thq1","ids":",us7000thq1,","sources":",us,","types":",origin,phase-data,","nst":49,"dmin":0.84,"rms":0.5,"gap":74,"magType":"mww","type":"earthquake","title":"M 4.7 - 94 km NE of Yonakuni, Japan"},"geometry":{"type":"Point","coordinates":[123.6411,25.0843,8.769]},"id":"us7000thq1"},
{"type":"Feature","properties":{"mag":2.63,"place":"16 km NE of Milford, Utah","time":1789500240740,"updated":1789501768730,"tz":null,"url":"https://earthquake.usgs.gov/earthquakes/eventpage/uu80157046","detail":"https://earthquake.usgs.gov/earthquakes/feed/v1.0/detail/uu80157046.geojson","felt":null,"cdi":null,"mmi":3.312,"alert":null,"status":"reviewed","tsunami":0,"sig":106,"net":"uu","code":"80157046","ids":",us7000thp9,uu80157046,","sources":",us,uu,","types":",origin,phase-data,shakemap,","nst":25,"dmin":0.01251,"rms":0.1,"gap":54,"magType":"ml","type":"earthquake","title":"M 2.6 - 16 km NE of Milford, Utah"},"geometry":{"type":"Point","coordinates":[-112.904333333333,38.5216666666667,3.03]},"id":"uu80157046"},
{"type":"Feature","properties":{"mag":4.3,"place":"45 km N of Ruteng, Indonesia","time":1789496793369,"updated":1789499425040,"tz":null,"url":"https://earthquake.usgs.gov/earthquakes/eventpage/us7000thp0","detail":"https://earthquake.usgs.gov/earthquakes/feed/v1.0/detail/us7000thp0.geojson","felt":null,"cdi":null,"mmi":null,"alert":null,"status":"reviewed","tsunami":0,"sig":284,"net":"us","code":"7000thp0","ids":",us7000thp0,","sources":",us,","types":",origin,phase-data,","nst":33,"dmin":3.237,"rms":0.89,"gap":119,"magType":"mb","type":"earthquake","title":"M 4.3 - 45 km N of Ruteng, Indonesia"},"geometry":{"type":"Point","coordinates":[120.4443,-8.1982,10]},"id":"us7000thp0"},
{"type":"Feature","properties":{"mag":4.5,"place":"49 km SW of Cachí, Argentina","time":1789494085765,"updated":1789498905040,"tz":null,"url":"https://earthquake.usgs.gov/earthquakes/eventpage/us7000thni","detail":"https://earthquake.usgs.gov/earthquakes/feed/v1.0/detail/us7000thni.geojson","felt":null,"cdi":null,"mmi":null,"alert":null,"status":"reviewed","tsunami":0,"sig":312,"net":"us","code":"7000thni","ids":",us7000thni,","sources":",us,","types":",origin,phase-data,","nst":59,"dmin":2.931,"rms":0.79,"gap":52,"magType":"mb","type":"earthquake","title":"M 4.5 - 49 km SW of Cachí, Argentina"},"geometry":{"type":"Point","coordinates":[-66.4888,-25.4555,185.605]},"id":"us7000thni"},
{"type":"Feature","properties":{"mag":4.3,"place":"90 km NNW of Ishigaki, Japan","time":1789492608369,"updated":1789498113040,"tz":null,"url":"https://earthquake.usgs.gov/earthquakes/eventpage/us7000thne","detail":"https://earthquake.usgs.gov/earthquakes/feed/v1.0/detail/us7000thne.geojson","felt":null,"cdi":null,"mmi":null,"alert":null,"status":"reviewed","tsunami":0,"sig":284,"net":"us","code":"7000thne","ids":",us7000thne,","sources":",us,","types":",origin,phase-data,","nst":48,"dmin":0.823,"rms":0.52,"gap":108,"magType":"mb","type":"earthquake","title":"M 4.3 - 90 km NNW of Ishigaki, Japan"},"geometry":{"type":"Point","coordinates":[123.6736,25.0311,10]},"id":"us7000thne"},
{"type":"Feature","properties":{"mag":2.6,"place":"45 km NW of Toyah, Texas","time":1789489664534,"updated":1789509513040,"tz":null,"url":"https://earthquake.usgs.gov/earthquakes/eventpage/tx2026sfaiyw","detail":"https://earthquake.usgs.gov/earthquakes/feed/v1.0/detail/tx2026sfaiyw.geojson","felt":null,"cdi":null,"mmi":null,"alert":null,"status":"reviewed","tsunami":0,"sig":104,"net":"tx","code":"2026sfaiyw","ids":",us7000thn6,tx2026sfaiyw,","sources":",us,tx,","types":",origin,phase-data,","nst":40,"dmin":0,"rms":0.2,"gap":57,"magType":"ml","type":"earthquake","title":"M 2.6 - 45 km NW of Toyah, Texas"},"geometry":{"type":"Point","coordinates":[-104.113,31.615,6.0999]},"id":"tx2026sfaiyw"},
{"type":"Feature","properties":{"mag":4.5,"place":"55 km SSW of Bengkulu, Indonesia","time":1789488769382,"updated":1789508855040,"tz":null,"url":"https://earthquake.usgs.gov/earthquakes/eventpage/us7000thn3","detail":"https://earthquake.usgs.gov/earthquakes/feed/v1.0/detail/us7000thn3.geojson","felt":null,"cdi":null,"mmi":null,"alert":null,"status":"reviewed","tsunami":0,"sig":312,"net":"us","code":"7000thn3","ids":",us7000thn3,","sources":",us,","types":",origin,phase-data,","nst":41,"dmin":6.268,"rms":0.53,"gap":150,"magType":"mb","type":"earthquake","title":"M 4.5 - 55 km SSW of Bengkulu, Indonesia"},"geometry":{"type":"Point","coordinates":[102.0754,-4.2614,76.224]},"id":"us7000thn3"},
{"type":"Feature","properties":{"mag":3.4,"place":"160 km WSW of Adak, Alaska","time":1789488621484,"updated":1789508342040,"tz":null,"url":"https://earthquake.usgs.gov/earthquakes/eventpage/us7000thn0","detail":"https://earthquake.usgs.gov/earthquakes/feed/v1.0/detail/us7000thn0.geojson","felt":null,"cdi":null,"mmi":3.112,"alert":null,"status":"reviewed","tsunami":0,"sig":178,"net":"us","code":"7000thn0","ids":",aka2026shxzeg,us7000thn0,","sources":",ak,us,","types":",origin,phase-data,shakemap,","nst":36,"dmin":0.189,"rms":1.35,"gap":199,"magType":"ml","type":"earthquake","title":"M 3.4 - 160 km WSW of Adak, Alaska"},"geometry":{"type":"Point","coordinates":[-178.7982,51.3647,35]},"id":"us7000thn0"},
{"type":"Feature","properties":{"mag":2.5,"place":"56 km WNW of Anchor Point, Alaska","time":1789484911093,"updated":1789506358040,"tz":null,"url":"https://earthquake.usgs.gov/earthquakes/eventpage/aka2026shvxvf","detail":"https://earthquake.usgs.gov/earthquakes/feed/v1.0/detail/aka2026shvxvf.geojson","felt":null,"cdi":null,"mmi":null,"alert":null,"status":"automatic","tsunami":0,"sig":96,"net":"ak","code":"a2026shvxvf","ids":",us7000thly,aka2026shvxvf,","sources":",us,ak,","types":",origin,phase-data,","nst":95,"dmin":0.1,"rms":0.7,"gap":52,"magType":"ml","type":"earthquake","title":"M 2.5 - 56 km WNW of Anchor Point, Alaska"},"geometry":{"type":"Point","coordinates":[-152.756,59.973,100.4]},"id":"aka2026shvxvf"},
{"type":"Feature","properties":{"mag":4,"place":"119 km E of Chignik, Alaska","time":1789482758168,"updated":1789682240568,"tz":null,"url":"https://earthquake.usgs.gov/earthquakes/eventpage/aka2026shusro","detail":"https://earthquake.usgs.gov/earthquakes/feed/v1.0/detail/aka2026shusro.geojson","felt":null,"cdi":null,"mmi":3.083,"alert":null,"status":"reviewed","tsunami":0,"sig":246,"net":"ak","code":"a2026shusro","ids":",us7000thlv,aka2026shusro,","sources":",us,ak,","types":",moment-tensor,origin,phase-data,shakemap,","nst":188,"dmin":1.1,"rms":1,"gap":170,"magType":"ml","type":"earthquake","title":"M 4.0 - 119 km E of Chignik, Alaska"},"geometry":{"type":"Point","coordinates":[-156.488,56.199,17.9]},"id":"aka2026shusro"},
{"type":"Feature","properties":{"mag":4.5,"place":"251 km E of Lospalos, Timor Leste","time":1789481771033,"updated":1789498426040,"tz":null,"url":"https://earthquake.usgs.gov/earthquakes/eventpage/us7000thlq","detail":"https://earthquake.usgs.gov/earthquakes/feed/v1.0/detail/us7000thlq.geojson","felt":null,"cdi":null,"mmi":null,"alert":null,"status":"reviewed","tsunami":0,"sig":312,"net":"us","code":"7000thlq","ids":",us7000thlq,","sources":",us,","types":",origin,phase-data,","nst":17,"dmin":4.847,"rms":0.84,"gap":124,"magType":"mb","type":"earthquake","title":"M 4.5 - 251 km E of Lospalos, Timor Leste"},"geometry":{"type":"Point","coordinates":[129.2771,-8.3244,10]},"id":"us7000thlq"},
{"type":"Feature","properties":{"mag":4.2,"place":"48 km SSE of Irpa Irpa, Bolivia","time":1789480221979,"updated":1789497608040,"tz":null,"url":"https://earthquake.usgs.gov/earthquakes/eventpage/us7000thlk","detail":"https://earthquake.usgs.gov/earthquakes/feed/v1.0/detail/us7000thlk.geojson","felt":null,"cdi":null,"mmi":null,"alert":null,"status":"reviewed","tsunami":0,"sig":271,"net":"us","code":"7000thlk","ids":",us7000thlk,","sources":",us,","types":",origin,phase-data,","nst":14,"dmin":1.935,"rms":0.63,"gap":147,"magType":"mb","type":"earthquake","title":"M 4.2 - 48 km SSE of Irpa Irpa, Bolivia"},"geometry":{"type":"Point","coordinates":[-66.0517,-18.1008,363.499]},"id":"us7000thlk"},
{"type":"Feature","properties":{"mag":2.5,"place":"92 km E of Nikolski, Alaska","time":1789478082467,"updated":1789509239595,"tz":null,"url":"https://earthquake.usgs.gov/earthquakes/eventpage/aka2026shsddf","detail":"https://earthquake.usgs.gov/earthquakes/feed/v1.0/detail/aka2026shsddf.geojson","felt":null,"cdi":null,"mmi":null,"alert":null,"status":"reviewed","tsunami":0,"sig":96,"net":"ak","code":"a2026shsddf","ids":",aka2026shsddf,","sources":",ak,","types":",origin,phase-data,","nst":16,"dmin":0.6,"rms":0.5,"gap":245,"magType":"ml","type":"earthquake","title":"M 2.5 - 92 km E of Nikolski, Alaska"},"geometry":{"type":"Point","coordinates":[-167.51,52.809,2.8]},"id":"aka2026shsddf"},
{"type":"Feature","properties":{"mag":3.4,"place":"63 km WSW of Elfin Cove, Alaska","time":1789477830439,"updated":1789509263588,"tz":null,"url":"https://earthquake.usgs.gov/earthquakes/eventpage/aka2026shrzlr","detail":"https://earthquake.usgs.gov/earthquakes/feed/v1.0/detail/aka2026shrzlr.geojson","felt":null,"cdi":null,"mmi":1.37,"alert":null,"status":"reviewed","tsunami":0,"sig":178,"net":"ak","code":"a2026shrzlr","ids":",us7000thlh,aka2026shrzlr,","sources":",us,ak,","types":",origin,phase-data,shakemap,","nst":63,"dmin":0.6,"rms":0.7,"gap":135,"magType":"ml","type":"earthquake","title":"M 3.4 - 63 km WSW of Elfin Cove, Alaska"},"geometry":{"type":"Point","coordinates":[-137.385,58.061,5]},"id":"aka2026shrzlr"},
{"type":"Feature","properties":{"mag":2.5,"place":"50 km SSW of Whites City, New Mexico","time":1789477686297,"updated":1789482577719,"tz":null,"url":"https://earthquake.usgs.gov/earthquakes/eventpage/tx2026setsdr","detail":"https://earthquake.usgs.gov/earthquakes/feed/v1.0/detail/tx2026setsdr.geojson","felt":null,"cdi":null,"mmi":null,"alert":null,"status":"reviewed","tsunami":0,"sig":96,"net":"tx","code":"2026setsdr","ids":",tx2026setsdr,","sources":",tx,","types":",origin,phase-data,","nst":44,"dmin":0,"rms":0.3,"gap":103,"magType":"ml","type":"earthquake","title":"M 2.5 - 50 km SSW of Whites City, New Mexico"},"geometry":{"type":"Point","coordinates":[-104.555,31.742,5.0232]},"id":"tx2026setsdr"},
{"type":"Feature","properties":{"mag":4.2,"place":"246 km E of Levuka, Fiji","time":1789475191499,"updated":1789544459040,"tz":null,"url":"https://earthquake.usgs.gov/earthquakes/eventpage/us7000thlb","detail":"https://earthquake.usgs.gov/earthquakes/feed/v1.0/detail/us7000thlb.geojson","felt":null,"cdi":null,"mmi":null,"alert":null,"status":"reviewed","tsunami":0,"sig":271,"net":"us","code":"7000thlb","ids":",us7000thlb,","sources":",us,","types":",origin,phase-data,","nst":79,"dmin":2.727,"rms":0.57,"gap":122,"magType":"mb","type":"earthquake","title":"M 4.2 - 246 km E of Levuka, Fiji"},"geometry":{"type":"Point","coordinates":[-178.3556,-18.1361,552.586]},"id":"us7000thlb"},
{"type":"Feature","properties":{"mag":3.1,"place":"113 km SW of Adak, Alaska","time":1789473025689,"updated":1789542488040,"tz":null,"url":"https://earthquake.usgs.gov/earthquakes/eventpage/us7000thqb","detail":"https://earthquake.usgs.gov/earthquakes/feed/v1.0/detail/us7000thqb.geojson","felt":null,"cdi":null,"mmi":null,"alert":null,"status":"reviewed","tsunami":0,"sig":148,"net":"us","code":"7000thqb","ids":",aka2026shphzx,us7000thqb,","sources":",ak,us,","types":",origin,phase-data,","nst":36,"dmin":0.509,"rms":0.49,"gap":209,"magType":"ml","type":"earthquake","title":"M 3.1 - 113 km SW of Adak, Alaska"},"geometry":{"type":"Point","coordinates":[-177.9209,51.2472,35]},"id":"us7000thqb"},
{"type":"Feature","properties":{"mag":4.7,"place":"120 km S of Panguna, Papua New Guinea","time":1789472098788,"updated":1789476837040,"tz":null,"url":"https://earthquake.usgs.gov/earthquakes/eventpage/us7000thl5","detail":"https://earthquake.usgs.gov/earthquakes/feed/v1.0/detail/us7000thl5.geojson","felt":null,"cdi":null,"mmi":null,"alert":null,"status":"reviewed","tsunami":0,"sig":340,"net":"us","code":"7000thl5","ids":",us7000thl5,","sources":",us,","types":",origin,phase-data,","nst":51,"dmin":4.519,"rms":0.6,"gap":62,"magType":"mb","type":"earthquake","title":"M 4.7 - 120 km S of Panguna, Papua New Guinea"},"geometry":{"type":"Point","coordinates":[155.3847,-7.3986,10]},"id":"us7000thl5"}],"bbox":[-179.465,-62.6801,0.55000001192093,178.951,69.544,583.682]}